CREATE DATABASE  IF NOT EXISTS `dmdd`; 
USE `dmdd`;

/* Table structure for table `creditloan`*/

CREATE TABLE `creditloan` (
  `﻿sk_id` int DEFAULT NULL,
  `target` int DEFAULT NULL,
  `income` int DEFAULT NULL,
  `education` text,
  `occupation_id` text
);

INSERT INTO `creditloan` VALUES (100083,0,103500,'Secondary / secondary special','300'),(100145,0,202500,'Secondary / secondary special','300'),(100165,0,175500,'Secondary / secondary special',''),(100179,0,202500,'Higher education','310'),(100190,0,162000,'Higher education','300'),(100193,0,225000,'Secondary / secondary special',''),(100289,0,202500,'Higher education','310'),(100295,1,225000,'Secondary / secondary special','300'),(100341,0,76500,'Secondary / secondary special','300'),(100343,0,315000,'Secondary / secondary special','320'),(100363,0,360000,'Higher education','330'),(100366,0,765000,'Higher education','310'),(100371,0,450000,'Higher education','330'),(100376,0,360000,'Secondary / secondary special','320'),(100389,0,247500,'Higher education','330'),(100395,0,225000,'Secondary / secondary special','320'),(100425,0,90000,'Higher education','330'),(100479,0,90000,'Secondary / secondary special','300'),(100508,0,450000,'Higher education','310'),(100557,0,225000,'Incomplete higher','340'),(100567,1,99000,'Secondary / secondary special','340'),(100666,0,135000,'Secondary / secondary special',''),(100678,0,184500,'Higher education','350'),(100716,0,135000,'Secondary / secondary special',''),(100805,0,270000,'Higher education','310'),(100810,0,540000,'Higher education','310'),(100852,0,157500,'Secondary / secondary special','310'),(100879,1,450000,'Higher education','340'),(100920,0,112500,'Secondary / secondary special','320'),(100988,0,180000,'Higher education','350'),(101038,0,180000,'Secondary / secondary special','300'),(101059,0,225000,'Higher education','350'),(101129,0,207000,'Secondary / secondary special',''),(101148,0,135000,'Higher education',''),(101158,0,180000,'Higher education','340'),(101166,0,157500,'Secondary / secondary special','300'),(101216,0,135000,'Secondary / secondary special','360'),(101218,0,522000,'Higher education','320'),(101335,0,135000,'Secondary / secondary special','300'),(101351,0,157500,'Higher education','300'),(101372,0,225000,'Higher education','350'),(101422,0,225000,'Secondary / secondary special','300'),(101452,0,180000,'Secondary / secondary special','300'),(101461,0,810000,'Secondary / secondary special','320'),(101463,0,202500,'Secondary / secondary special','320'),(101476,0,135000,'Lower secondary','300'),(101482,0,211500,'Secondary / secondary special','320'),(101493,0,315000,'Secondary / secondary special','320'),(101508,0,157500,'Secondary / secondary special',''),(101517,0,270000,'Secondary / secondary special','320'),(101586,0,225000,'Higher education','310'),(101600,0,270000,'Higher education','370'),(101608,0,135000,'Secondary / secondary special','320'),(101653,0,450000,'Higher education',''),(101676,0,202500,'Incomplete higher','350'),(101681,0,180000,'Secondary / secondary special','360'),(101713,0,202500,'Higher education','310'),(101730,1,90000,'Secondary / secondary special','380'),(101774,0,135000,'Secondary / secondary special',''),(101804,0,90000,'Secondary / secondary special','320'),(101837,0,450000,'Secondary / secondary special','320'),(101980,1,135000,'Secondary / secondary special','360'),(102011,0,135000,'Secondary / secondary special','340'),(102021,0,157500,'Higher education','330'),(102107,0,225000,'Secondary / secondary special','380'),(102116,0,405000,'Higher education','300'),(102127,0,112500,'Higher education',''),(102142,0,225000,'Secondary / secondary special',''),(102156,0,225000,'Higher education','350'),(102186,0,180000,'Higher education','320'),(102202,0,360000,'Higher education','330'),(102222,0,180000,'Secondary / secondary special','310'),(102243,0,90000,'Secondary / secondary special',''),(102275,0,135000,'Secondary / secondary special','300'),(102276,0,540000,'Higher education','310'),(102311,0,270000,'Incomplete higher','310'),(102356,0,765000,'Incomplete higher',''),(102379,0,112500,'Secondary / secondary special','320'),(102510,0,135000,'Incomplete higher',''),(102543,0,202500,'Higher education','340'),(102573,0,202500,'Secondary / secondary special',''),(102658,0,270000,'Higher education','320'),(102718,0,157500,'Higher education','310'),(102742,0,270000,'Secondary / secondary special','340'),(102802,0,292500,'Secondary / secondary special','300'),(102818,0,211500,'Secondary / secondary special','340'),(102822,0,207000,'Secondary / secondary special','360'),(102823,0,450000,'Higher education',''),(102827,0,450000,'Secondary / secondary special','310'),(102873,0,112500,'Secondary / secondary special',''),(102893,0,180000,'Higher education','360'),(102911,0,135000,'Secondary / secondary special','370'),(102931,0,292500,'Secondary / secondary special',''),(103016,0,157500,'Higher education','340'),(103072,0,90000,'Secondary / secondary special',''),(103079,0,135000,'Higher education','330'),(103098,0,180000,'Higher education',''),(103119,0,225000,'Higher education','310'),(103157,0,180000,'Secondary / secondary special','310'),(103165,0,173250,'Secondary / secondary special',''),(103249,0,189000,'Incomplete higher','390'),(103359,0,135000,'Higher education','330'),(103367,0,225000,'Secondary / secondary special','360'),(103406,0,405000,'Higher education',''),(103414,0,112500,'Secondary / secondary special','300'),(103426,0,301500,'Higher education','300'),(103438,1,135000,'Secondary / secondary special','360'),(103444,0,270000,'Higher education','310'),(103489,0,144000,'Secondary / secondary special','300'),(103499,0,225000,'Higher education','330'),(103519,0,135000,'Higher education',''),(103583,0,270000,'Higher education','300'),(103599,0,180000,'Secondary / secondary special','300'),(103679,0,225000,'Higher education',''),(103715,0,135000,'Secondary / secondary special','300'),(103722,0,247500,'Higher education','330'),(103747,0,810000,'Higher education','340'),(103757,0,292500,'Secondary / secondary special','300'),(103763,0,180000,'Higher education','300'),(103770,0,270000,'Secondary / secondary special','300'),(103796,0,103500,'Secondary / secondary special',''),(103922,0,81000,'Secondary / secondary special',''),(103923,0,135000,'Higher education','400'),(103946,0,166500,'Secondary / secondary special','300'),(103958,0,292500,'Higher education','310'),(103990,0,157500,'Secondary / secondary special','340'),(104010,0,225000,'Secondary / secondary special','300'),(104020,0,225000,'Higher education','340'),(104126,0,202500,'Higher education','370'),(104220,0,315000,'Secondary / secondary special','370'),(104251,0,153000,'Secondary / secondary special','300'),(104264,0,720000,'Higher education','310'),(104290,0,135000,'Incomplete higher',''),(104332,0,382500,'Secondary / secondary special','320'),(104356,0,117000,'Secondary / secondary special','320'),(104375,0,157500,'Higher education',''),(104462,0,315000,'Secondary / secondary special','300'),(104489,0,315000,'Higher education','330'),(104495,0,135000,'Higher education','330'),(104545,0,225000,'Secondary / secondary special','320'),(104671,0,126000,'Secondary / secondary special','300'),(104732,0,247500,'Secondary / secondary special','320'),(104754,0,112500,'Higher education','300'),(104782,0,270000,'Secondary / secondary special',''),(104863,1,265500,'Higher education','350'),(104874,0,112500,'Secondary / secondary special','340'),(104882,0,202500,'Secondary / secondary special','350'),(104889,0,436500,'Secondary / secondary special','320'),(104932,0,117000,'Secondary / secondary special','370'),(104984,0,225000,'Secondary / secondary special','310'),(105029,0,112500,'Higher education','330'),(105045,0,360000,'Higher education','350'),(105052,0,135000,'Secondary / secondary special','310'),(105090,0,90000,'Secondary / secondary special','340'),(105098,0,315000,'Secondary / secondary special','340'),(105118,0,270000,'Secondary / secondary special','320'),(105149,0,315000,'Higher education','380'),(105183,0,180000,'Higher education','300'),(105199,0,90000,'Secondary / secondary special',''),(105200,1,157500,'Secondary / secondary special','410'),(105221,0,607500,'Higher education','310'),(105222,0,378000,'Higher education','330'),(105236,0,135000,'Secondary / secondary special','300'),(105268,0,337500,'Secondary / secondary special',''),(105272,0,117000,'Secondary / secondary special','300'),(105274,0,360000,'Higher education','310'),(105298,0,99000,'Secondary / secondary special','370'),(105361,0,202500,'Higher education','310'),(105413,0,180000,'Secondary / secondary special',''),(105421,0,157500,'Secondary / secondary special','350'),(105590,0,225000,'Secondary / secondary special','320'),(105605,0,135000,'Secondary / secondary special','320'),(105696,0,135000,'Secondary / secondary special','340'),(105703,0,315000,'Higher education','310'),(105753,0,135000,'Secondary / secondary special',''),(105821,0,112500,'Secondary / secondary special','300'),(105860,0,247500,'Secondary / secondary special','300'),(105886,0,225000,'Incomplete higher',''),(105891,0,157500,'Higher education','320'),(105904,0,315000,'Secondary / secondary special','310'),(105905,0,184500,'Secondary / secondary special','340'),(105919,0,180000,'Secondary / secondary special','420'),(105985,0,225000,'Secondary / secondary special','330'),(106004,0,112500,'Secondary / secondary special','360'),(106008,0,202500,'Incomplete higher','310'),(106012,0,157500,'Secondary / secondary special',''),(106112,0,157500,'Secondary / secondary special',''),(106134,0,270000,'Secondary / secondary special','300'),(106148,0,157500,'Secondary / secondary special',''),(106196,0,157500,'Secondary / secondary special','300'),(106209,0,157500,'Secondary / secondary special','320'),(106252,0,144000,'Secondary / secondary special','320'),(106342,0,225000,'Secondary / secondary special',''),(106390,0,90000,'Secondary / secondary special','420'),(106395,0,202500,'Secondary / secondary special','340'),(106423,0,247500,'Higher education','310'),(106430,1,360000,'Secondary / secondary special',''),(106477,0,112500,'Higher education','350'),(106543,0,135000,'Secondary / secondary special','380'),(106547,0,157500,'Secondary / secondary special','310'),(106572,0,54000,'Higher education','310'),(106667,0,360000,'Higher education',''),(106669,1,135000,'Secondary / secondary special',''),(106684,0,405000,'Secondary / secondary special',''),(106702,0,135000,'Secondary / secondary special','300'),(106732,0,450000,'Higher education','310'),(106743,0,135000,'Secondary / secondary special','430'),(106786,0,202500,'Higher education','300'),(106807,0,180000,'Secondary / secondary special','310'),(106838,1,166500,'Incomplete higher','340'),(106863,0,90000,'Higher education',''),(106874,0,63000,'Higher education',''),(106921,0,315000,'Secondary / secondary special','300'),(106979,0,180000,'Secondary / secondary special','310'),(107004,0,135000,'Secondary / secondary special','300'),(107015,0,135000,'Secondary / secondary special',''),(107039,0,121500,'Secondary / secondary special','330'),(107047,0,225000,'Secondary / secondary special','310'),(107170,0,121500,'Higher education',''),(107179,0,112500,'Secondary / secondary special',''),(107189,0,810000,'Higher education','310'),(107207,0,112500,'Secondary / secondary special',''),(107230,0,405000,'Incomplete higher','310'),(107380,0,270000,'Secondary / secondary special','380'),(107456,0,225000,'Secondary / secondary special','300'),(107533,1,157500,'Secondary / secondary special',''),(107567,0,180000,'Lower secondary','320'),(107634,1,225000,'Higher education','310'),(107650,0,202500,'Higher education','330'),(107737,0,81000,'Higher education','330'),(107892,0,675000,'Higher education','440'),(107919,0,180000,'Higher education','310'),(107959,0,225000,'Higher education','310'),(107987,0,180000,'Higher education','350'),(107992,0,234000,'Higher education','350'),(107995,0,90000,'Secondary / secondary special','390'),(108031,0,360000,'Secondary / secondary special',''),(108050,0,180000,'Incomplete higher','330'),(108065,0,157500,'Secondary / secondary special',''),(108133,0,472500,'Higher education',''),(108224,0,1035000,'Higher education','370'),(108227,1,126000,'Higher education','330'),(108234,0,202500,'Secondary / secondary special','370'),(108245,0,135000,'Secondary / secondary special','320'),(108256,0,157500,'Secondary / secondary special','300'),(108281,0,247500,'Secondary / secondary special','300'),(108282,0,135000,'Higher education','320'),(108334,0,135000,'Higher education',''),(108339,0,67500,'Lower secondary',''),(108409,0,283500,'Higher education',''),(108455,0,292500,'Secondary / secondary special','300'),(108586,0,270000,'Higher education','310'),(108590,0,148500,'Secondary / secondary special','340'),(108607,0,450000,'Incomplete higher','320'),(108681,0,360000,'Higher education','320'),(108689,0,234000,'Secondary / secondary special','330'),(108747,0,225000,'Secondary / secondary special','300'),(108764,0,270000,'Incomplete higher','320'),(108797,0,162000,'Secondary / secondary special','370'),(108847,0,130050,'Incomplete higher','330'),(108867,0,630000,'Higher education','330'),(108876,0,238500,'Higher education','300'),(109017,1,180000,'Secondary / secondary special','320'),(109083,1,405000,'Higher education',''),(109150,0,171000,'Higher education','330'),(109171,0,216000,'Higher education','360'),(109185,0,99000,'Higher education',''),(109216,0,180000,'Higher education','310'),(109245,0,180000,'Higher education','300'),(109332,0,157500,'Secondary / secondary special','300'),(109339,0,270000,'Higher education','310'),(109341,0,360000,'Secondary / secondary special','310'),(109369,0,270000,'Higher education',''),(109398,0,270000,'Higher education',''),(109442,0,270000,'Higher education','310'),(109444,0,135000,'Secondary / secondary special','300'),(109516,0,180000,'Secondary / secondary special','330'),(109533,0,180000,'Higher education',''),(109609,0,112500,'Secondary / secondary special',''),(109646,0,157500,'Secondary / secondary special',''),(109669,0,180000,'Secondary / secondary special','300'),(109714,0,225000,'Higher education','340'),(109720,0,90000,'Higher education','380'),(109745,0,270000,'Higher education','310'),(109763,0,202500,'Secondary / secondary special',''),(109799,0,225000,'Secondary / secondary special','310'),(109810,0,270000,'Higher education','340'),(109862,0,270000,'Secondary / secondary special','300'),(109867,0,225000,'Higher education','310'),(109902,0,202500,'Secondary / secondary special','310'),(109953,0,135000,'Secondary / secondary special','420'),(109956,0,270000,'Secondary / secondary special','300'),(109957,0,360000,'Higher education','340'),(110051,0,211500,'Higher education','370'),(110057,0,540000,'Secondary / secondary special','310'),(110130,0,135000,'Secondary / secondary special','300'),(110182,0,135000,'Secondary / secondary special',''),(110193,0,315000,'Secondary / secondary special',''),(110203,0,247500,'Secondary / secondary special','300'),(110210,0,135000,'Secondary / secondary special',''),(110222,0,157500,'Higher education','330'),(110259,0,225000,'Higher education','300'),(110281,0,135000,'Secondary / secondary special','420'),(110354,0,202500,'Secondary / secondary special','310'),(110387,0,202500,'Higher education','330'),(110438,0,355500,'Secondary / secondary special','300'),(110453,0,148500,'Higher education',''),(110567,0,360000,'Incomplete higher','310'),(110617,0,112500,'Secondary / secondary special','300'),(110641,1,225000,'Secondary / secondary special',''),(110642,0,157500,'Higher education',''),(110645,0,193500,'Higher education','310'),(110661,0,202500,'Higher education','330'),(110704,1,247500,'Secondary / secondary special','300'),(110707,0,225000,'Secondary / secondary special','320'),(110721,0,254250,'Higher education',''),(110737,0,135000,'Incomplete higher',''),(110786,0,121500,'Secondary / secondary special','310'),(110842,0,76500,'Higher education','430'),(110873,0,315000,'Higher education',''),(110878,0,202500,'Secondary / secondary special','330'),(110896,0,225000,'Secondary / secondary special','370'),(110935,0,270000,'Higher education',''),(110948,0,382500,'Secondary / secondary special','360'),(110966,0,382500,'Higher education','340'),(110987,0,112500,'Higher education','300'),(110996,0,135000,'Secondary / secondary special','300'),(111057,0,121500,'Secondary / secondary special','320'),(111077,0,180000,'Secondary / secondary special',''),(111135,0,292500,'Higher education','310'),(111137,0,225000,'Higher education','350'),(111190,0,135000,'Secondary / secondary special','360'),(111242,0,225000,'Secondary / secondary special','300'),(111257,0,225000,'Higher education',''),(111308,0,67500,'Higher education',''),(111360,0,225000,'Higher education','310'),(111481,0,202500,'Secondary / secondary special','300'),(111526,0,157500,'Secondary / secondary special','300'),(111579,0,135000,'Secondary / secondary special','300'),(111625,0,180000,'Secondary / secondary special','300'),(111674,0,67500,'Secondary / secondary special','320'),(111717,1,112500,'Secondary / secondary special','300'),(111886,0,135000,'Secondary / secondary special','340'),(111931,0,225000,'Secondary / secondary special','300'),(111956,0,360000,'Higher education','300'),(111961,0,247500,'Higher education','320'),(112112,0,180000,'Higher education','380'),(112122,0,135000,'Higher education',''),(112161,0,202500,'Higher education','330'),(112172,0,270000,'Secondary / secondary special','350'),(112209,0,180000,'Secondary / secondary special','300'),(112226,0,216000,'Incomplete higher','340'),(112229,0,540000,'Higher education','310'),(112325,0,202500,'Secondary / secondary special','320'),(112355,0,225000,'Secondary / secondary special','300'),(112382,0,270000,'Secondary / secondary special','300'),(112394,0,110250,'Higher education',''),(112424,0,157500,'Higher education',''),(112522,0,157500,'Higher education','330'),(112534,0,180000,'Secondary / secondary special','310'),(112591,0,135000,'Secondary / secondary special','310'),(112690,0,540000,'Higher education','310'),(112714,0,157500,'Secondary / secondary special','310'),(112739,0,126000,'Secondary / secondary special','340'),(112854,0,202500,'Higher education','310'),(112894,0,1350000,'Secondary / secondary special','310'),(112918,1,180000,'Secondary / secondary special','310'),(112961,0,225000,'Secondary / secondary special','310'),(112993,0,135000,'Secondary / secondary special','360'),(113019,0,180000,'Higher education','350'),(113030,0,468000,'Secondary / secondary special','300'),(113070,0,337500,'Higher education','310'),(113091,0,180000,'Secondary / secondary special','330'),(113178,0,117000,'Secondary / secondary special','390'),(113207,0,225000,'Higher education','370'),(113212,0,270000,'Secondary / secondary special','300'),(113226,0,112500,'Secondary / secondary special','300'),(113233,0,270000,'Secondary / secondary special','310'),(113238,0,225000,'Higher education',''),(113261,0,315000,'Secondary / secondary special','340'),(113277,0,108000,'Higher education',''),(113294,0,180000,'Higher education','310'),(113295,0,450000,'Higher education','310'),(113314,0,81000,'Incomplete higher','330'),(113327,0,450000,'Higher education','310'),(113329,0,225000,'Higher education','350'),(113345,0,157500,'Secondary / secondary special','340'),(113348,0,180000,'Secondary / secondary special','310'),(113357,0,112500,'Secondary / secondary special','370'),(113369,0,180000,'Higher education','330'),(113371,0,225000,'Secondary / secondary special',''),(113423,0,135000,'Secondary / secondary special','340'),(113425,1,270000,'Higher education',''),(113429,0,315000,'Secondary / secondary special','300'),(113461,1,202500,'Higher education','330'),(113463,0,157500,'Higher education','450'),(113465,0,135000,'Higher education',''),(113488,0,139500,'Higher education','330'),(113500,0,225000,'Secondary / secondary special',''),(113513,0,360000,'Higher education','310'),(113525,0,202500,'Secondary / secondary special','300'),(113564,0,225000,'Incomplete higher','370'),(113580,0,108000,'Secondary / secondary special',''),(113596,0,247500,'Secondary / secondary special','300'),(113645,0,225000,'Secondary / secondary special',''),(113666,0,360000,'Secondary / secondary special','310'),(113688,1,67500,'Secondary / secondary special','340'),(113696,0,162000,'Secondary / secondary special','320'),(113743,0,225000,'Secondary / secondary special','320'),(113776,0,270000,'Higher education',''),(113803,0,256500,'Secondary / secondary special',''),(113812,0,225000,'Higher education','310'),(113834,0,576000,'Higher education','310'),(113850,0,157500,'Higher education','300'),(113874,0,360000,'Higher education','310'),(113917,0,67500,'Secondary / secondary special','420'),(113921,0,225000,'Higher education','330'),(113924,0,315000,'Secondary / secondary special','300'),(114061,0,81000,'Secondary / secondary special',''),(114112,0,157500,'Higher education','300'),(114137,0,180000,'Secondary / secondary special','300'),(114188,0,180000,'Secondary / secondary special',''),(114189,0,202500,'Secondary / secondary special','340'),(114233,0,436500,'Higher education','310'),(114276,0,180000,'Incomplete higher',''),(114282,0,180000,'Higher education',''),(114336,0,135000,'Secondary / secondary special','380'),(114341,0,360000,'Higher education','310'),(114377,0,315000,'Secondary / secondary special',''),(114395,0,292500,'Secondary / secondary special',''),(114399,1,157500,'Secondary / secondary special','320'),(114408,0,202500,'Higher education','300'),(114443,0,508500,'Higher education',''),(114452,0,135000,'Secondary / secondary special',''),(114542,0,225000,'Higher education','310'),(114558,0,180000,'Secondary / secondary special','320'),(114573,0,202500,'Secondary / secondary special','300'),(114590,0,202500,'Secondary / secondary special','350'),(114603,0,180000,'Higher education','340'),(114649,0,216000,'Higher education','310'),(114656,0,76500,'Secondary / secondary special','340'),(114660,0,121500,'Secondary / secondary special','300'),(114876,0,135000,'Secondary / secondary special','410'),(114902,0,103500,'Secondary / secondary special','340'),(114932,0,202500,'Secondary / secondary special','300'),(114944,0,270000,'Secondary / secondary special','390'),(114985,0,135000,'Secondary / secondary special','320'),(115004,0,405000,'Higher education','310'),(115061,0,168242,'Higher education',''),(115071,0,162000,'Secondary / secondary special',''),(115074,0,135000,'Secondary / secondary special','340'),(115127,0,180000,'Secondary / secondary special','300'),(115167,0,157500,'Secondary / secondary special','350'),(115224,0,225000,'Secondary / secondary special','340'),(115306,0,144000,'Secondary / secondary special','300'),(115377,1,126000,'Secondary / secondary special','340'),(115417,0,270000,'Higher education','370'),(115421,0,202500,'Secondary / secondary special','320'),(115435,0,315000,'Incomplete higher','340'),(115520,0,103500,'Secondary / secondary special','360'),(115573,0,135000,'Secondary / secondary special','420'),(115603,0,171000,'Incomplete higher',''),(115668,0,270000,'Secondary / secondary special','360'),(115712,0,292500,'Secondary / secondary special','340'),(115721,0,202500,'Higher education','330'),(115725,0,157500,'Higher education',''),(115728,0,90000,'Secondary / secondary special','310'),(115737,0,135000,'Secondary / secondary special','330'),(115771,1,126000,'Secondary / secondary special',''),(115794,0,157500,'Higher education','310'),(115870,0,450000,'Higher education','310'),(115920,0,405000,'Higher education',''),(116024,0,157500,'Incomplete higher','310'),(116045,0,225000,'Higher education','370'),(116109,0,360000,'Higher education','370'),(116127,0,144000,'Higher education','350'),(116155,0,225000,'Secondary / secondary special','310'),(116169,0,202500,'Secondary / secondary special','360'),(116188,0,184500,'Secondary / secondary special','350'),(116196,0,270000,'Secondary / secondary special','350'),(116220,0,247500,'Secondary / secondary special','300'),(116230,0,144000,'Secondary / secondary special','300'),(116262,0,112500,'Secondary / secondary special','300'),(116286,0,202500,'Secondary / secondary special','360'),(116388,0,360000,'Higher education','370'),(116409,0,180000,'Incomplete higher',''),(116452,0,157500,'Secondary / secondary special',''),(116456,0,180000,'Secondary / secondary special','320'),(116504,0,585000,'Secondary / secondary special','320'),(116651,0,171000,'Secondary / secondary special','300'),(116690,0,135000,'Secondary / secondary special',''),(116713,0,247500,'Secondary / secondary special','340'),(116738,0,171000,'Higher education','370'),(116750,0,126000,'Secondary / secondary special','330'),(116776,0,171000,'Secondary / secondary special','430'),(116826,0,112500,'Higher education','300'),(116927,0,180000,'Incomplete higher',''),(116963,0,630000,'Higher education','340'),(116969,0,315000,'Higher education',''),(117013,0,225000,'Higher education','300'),(117089,0,427500,'Secondary / secondary special','330'),(117159,0,360000,'Higher education',''),(117283,0,202500,'Higher education',''),(117296,0,157500,'Secondary / secondary special',''),(117297,0,225000,'Higher education',''),(117334,0,396000,'Higher education','300'),(117365,0,135000,'Higher education','370'),(117368,0,157500,'Secondary / secondary special','300'),(117378,0,207000,'Higher education','330'),(117381,0,157500,'Secondary / secondary special',''),(117385,0,135000,'Higher education','340'),(117393,0,225000,'Secondary / secondary special','300'),(117440,1,202500,'Higher education','300'),(117476,0,90000,'Secondary / secondary special','310'),(117575,0,90000,'Secondary / secondary special','310'),(117631,0,360000,'Higher education','370'),(117644,0,675000,'Higher education',''),(117648,0,234000,'Secondary / secondary special','460'),(117650,0,157500,'Secondary / secondary special','300'),(117667,0,247500,'Secondary / secondary special','330'),(117700,0,189000,'Secondary / secondary special','420'),(117719,0,103500,'Higher education',''),(117752,0,337500,'Secondary / secondary special',''),(117754,0,270000,'Secondary / secondary special','300'),(117787,0,270000,'Higher education','300'),(117798,0,184500,'Higher education','350');

/*Table structure for table `language`*/

CREATE TABLE `language` (
  `﻿language_id` int DEFAULT NULL,
  `abbreviation` text,
  `description` text
);

INSERT INTO `language` VALUES (200,'en','english'),(210,'es','spanish'),(220,'zh','chinese'),(230,'fr','french');

/*Table structure for table `locates`*/

CREATE TABLE `locates` (
  `location_id` int DEFAULT NULL,
  `zipcode` int DEFAULT NULL
);

INSERT INTO `locates` VALUES (800,98907),(810,88530),(820,38104),(830,68583),(840,55487),(850,79491),(860,78470),(870,6183),(880,33124),(890,10120),(900,77223),(910,21747),(920,13217),(930,90310),(940,93740),(950,64144),(960,48919),(970,92030),(980,16550),(990,58505),(1000,67230),(1010,27626),(1020,37924),(1030,24004),(1040,52809),(1050,91499),(1060,34114),(1070,2162),(1080,45414),(1090,24034),(1100,80161),(1110,84170),(1120,20205),(1130,78754),(1140,20546),(1150,77070),(1160,53785),(1170,54313),(1180,14614),(1190,75287),(1200,1152),(1210,25775),(1220,85030),(1230,75605),(1240,21747),(1250,89145),(1260,79945),(1270,27264),(1280,90305),(1290,43635),(1300,92132),(1310,32803),(1320,60686),(1330,78285),(1340,66220),(1350,35210),(1360,66225),(1370,7505),(1380,11225),(1390,30328),(1400,65218),(1410,63104),(1420,64504),(1430,19136),(1440,94142),(1450,47725),(1460,87105),(1470,21705),(1480,73197),(1490,20520),(1500,90094),(1510,20078),(1520,90050),(1530,16565),(1540,21211),(1550,75387),(1560,17110),(1570,98115),(1580,43204),(1590,52809);

/*Table structure for table `location`*/

CREATE TABLE `location` (
  `location_id` int DEFAULT NULL,
  `street name` text,
  `city` text,
  `state` text,
  `zipcode` int DEFAULT NULL
);
 
INSERT INTO `location` VALUES (800,'Granby','Yakima','Washington',98907),(810,'Donald','El Paso','Texas',88530),(820,'Morrow','Memphis','Tennessee',38104),(830,'Donald','Lincoln','Nebraska',68583),(840,'Sullivan','Minneapolis','Minnesota',55487),(850,'Swallow','Lubbock','Texas',79491),(860,'Rutledge','Corpus Christi','Texas',78470),(870,'Hoard','Hartford','Connecticut',6183),(880,'Marcy','Miami','Florida',33124),(890,'Nevada','New York City','New York',10120),(900,'Dottie','Houston','Texas',77223),(910,'Grasskamp','Hagerstown','Maryland',21747),(920,'Lukken','Syracuse','New York',13217),(930,'Westport','Inglewood','California',90310),(940,'Hagan','Fresno','California',93740),(950,'Shoshone','Kansas City','Missouri',64144),(960,'Moose','Lansing','Michigan',48919),(970,'Farmco','Escondido','California',92030),(980,'Eagan','Erie','Pennsylvania',16550),(990,'North','Bismarck','North Dakota',58505),(1000,'Prairie Rose','Wichita','Kansas',67230),(1010,'Ryan','Raleigh','North Carolina',27626),(1020,'Dixon','Knoxville','Tennessee',37924),(1030,'Walton','Roanoke','Virginia',24004),(1040,'Raven','Davenport','Iowa',52809),(1050,'Sundown','Van Nuys','California',91499),(1060,'Warner','Naples','Florida',34114),(1070,'Jenna','Newton','Massachusetts',2162),(1080,'Ludington','Dayton','Ohio',45414),(1090,'Southridge','Roanoke','Virginia',24034),(1100,'Michigan','Littleton','Colorado',80161),(1110,'Cherokee','Salt Lake City','Utah',84170),(1120,'Derek','Washington','District of Columbia',20205),(1130,'Mccormick','Austin','Texas',78754),(1140,'3rd','Washington','District of Columbia',20546),(1150,'Graceland','Houston','Texas',77070),(1160,'Waywood','Madison','Wisconsin',53785),(1170,'Scott','Green Bay','Wisconsin',54313),(1180,'Prentice','Rochester','New York',14614),(1190,'Duke','Dallas','Texas',75287),(1200,'Lukken','Springfield','Massachusetts',1152),(1210,'Rusk','Huntington','West Virginia',25775),(1220,'Pond','Phoenix','Arizona',85030),(1230,'Longview','Longview','Texas',75605),(1240,'Cherokee','Hagerstown','Maryland',21747),(1250,'Prairie Rose','Las Vegas','Nevada',89145),(1260,'Rigney','El Paso','Texas',79945),(1270,'Bashford','High Point','North Carolina',27264),(1280,'Victoria','Inglewood','California',90305),(1290,'Loftsgordon','Toledo','Ohio',43635),(1300,'Schlimgen','San Diego','California',92132),(1310,'Waywood','Orlando','Florida',32803),(1320,'Fremont','Chicago','Illinois',60686),(1330,'6th','San Antonio','Texas',78285),(1340,'American','Shawnee Mission','Kansas',66220),(1350,'Fulton','Birmingham','Alabama',35210),(1360,'Sundown','Shawnee Mission','Kansas',66225),(1370,'Gale','Paterson','New Jersey',7505),(1380,'Blackbird','Brooklyn','New York',11225),(1390,'Vahlen','Atlanta','Georgia',30328),(1400,'Morningstar','Columbia','Missouri',65218),(1410,'North','Saint Louis','Missouri',63104),(1420,'Delaware','Saint Joseph','Missouri',64504),(1430,'Holmberg','Philadelphia','Pennsylvania',19136),(1440,'Burrows','San Francisco','California',94142),(1450,'Little Fleur','Evansville','Indiana',47725),(1460,'Hoffman','Albuquerque','New Mexico',87105),(1470,'Eliot','Frederick','Maryland',21705),(1480,'Cottonwood','Oklahoma City','Oklahoma',73197),(1490,'Johnson','Washington','District of Columbia',20520),(1500,'Hanson','Los Angeles','California',90094),(1510,'Mayer','Washington','District of Columbia',20078),(1520,'Lyons','Los Angeles','California',90050),(1530,'Chive','Erie','Pennsylvania',16565),(1540,'Valley Edge','Baltimore','Maryland',21211),(1550,'Lindbergh','Dallas','Texas',75387),(1560,'Express','Harrisburg','Pennsylvania',17110),(1570,'Hallows','Seattle','Washington',98115),(1580,'Loftsgordon','Columbus','Ohio',43204),(1590,'Becker','Davenport','Iowa',52809);

/*Table structure for table `occupation`*/

CREATE TABLE `occupation` (
  `﻿occupation_id` int DEFAULT NULL,
  `role` text
);

INSERT INTO `occupation` VALUES (300,'Laborers'),(310,'Managers'),(320,'Drivers'),(330,'Core Staff'),(340,'Sales Staff'),(350,'High Skill Tech Staff'),(360,'Medicine staff'),(370,'Accountants'),(380,'Private service staff'),(390,'Cooking staff'),(400,'HR staff'),(410,'Cleaning staff'),(420,'Security staff'),(430,'Secretaries'),(440,'IT staff'),(450,'Realty agents'),(460,'Waiters/barmen staff');

/*Table structure for table `property`*/

CREATE TABLE `property` (
  `﻿sk_id` int DEFAULT NULL,
  `location_id` int DEFAULT NULL
);

INSERT INTO `property` VALUES (100083,1320),(100145,1160),(100165,900),(100179,1180),(100190,1010),(100193,1270),(100289,940),(100295,1330),(100341,1260),(100343,1330),(100363,1450),(100366,1280),(100371,830),(100376,1330),(100389,800),(100395,1130),(100425,1030),(100479,1560),(100508,930),(100557,1350),(100567,1350),(100666,1140),(100678,1410),(100716,1490),(100805,1410),(100810,1320),(100852,1040),(100879,1170),(100920,1470),(100988,850),(101038,1390),(101059,1250),(101129,1100),(101148,850),(101158,1360),(101166,1520),(101216,940),(101218,1060),(101335,1160),(101351,1430),(101372,900),(101422,820),(101452,1400),(101461,900),(101463,1460),(101476,1190),(101482,1470),(101493,1270),(101508,1570),(101517,970),(101586,1310),(101600,810),(101608,1060),(101653,1070),(101676,1010),(101681,810),(101713,1110),(101730,1060),(101774,930),(101804,1010),(101837,1330),(101980,1060),(102011,1350),(102021,1390),(102107,1340),(102116,1250),(102127,1500),(102142,1270),(102156,1500),(102186,1140),(102202,1270),(102222,1330),(102243,1050),(102275,1420),(102276,1200),(102311,980),(102356,1140),(102379,1050),(102510,820),(102543,1100),(102573,1370),(102658,1470),(102718,960),(102742,960),(102802,860),(102818,1270),(102822,1280),(102823,1260),(102827,1130),(102873,1040),(102893,1200),(102911,830),(102931,1150),(103016,1280),(103072,1050),(103079,1570),(103098,1520),(103119,1100),(103157,1100),(103165,1080),(103249,1270),(103359,1220),(103367,840),(103406,1540),(103414,1130),(103426,1380),(103438,1320),(103444,1450),(103489,1130),(103499,1410),(103519,1310),(103583,1400),(103599,1440),(103679,1400),(103715,1250),(103722,1500),(103747,950),(103757,1370),(103763,1220),(103770,1140),(103796,840),(103922,1350),(103923,840),(103946,1580),(108256,840),(108281,1290),(108282,870),(108334,1230),(108339,1450),(108409,840),(108455,1420),(108586,1270),(108590,820),(108607,1350),(108681,1440),(108689,1170),(108747,1470),(108764,1070),(108797,1230),(108847,1350),(108867,1100),(108876,1220),(109017,1070),(109083,920),(109150,1030),(109171,1480),(109185,1330),(109216,1010),(109245,1000),(109332,930),(109339,1110),(109341,920),(109369,1040),(109398,970),(109442,840),(109444,1340),(109516,1280),(109533,1540),(109609,890),(109646,1370),(109669,1390),(109714,1390),(109720,1030),(109745,1590),(109763,1370),(109799,1520),(109810,1180),(109862,1520),(109867,1470),(109902,1490),(109953,930),(109956,1540),(109957,1020),(110051,1040),(110057,1500),(110130,1380),(110182,1230),(110193,1200),(110203,900),(110210,1360),(110222,850),(110259,1020),(110281,900),(110354,950),(110387,1380),(110438,1510),(110453,900),(110567,1140),(110617,840),(110641,1400),(110642,1340),(110645,1470),(110661,1510),(110704,830),(110707,1590),(110721,1350),(110737,1450),(110786,810),(110842,1130),(110873,1410),(110878,1040),(110896,1330),(110935,1100),(110948,1320),(110966,1060),(110987,1090),(110996,870),(111057,1350),(111077,1090),(111135,1180),(111137,860),(111190,1290),(111242,1550),(111257,1160),(111308,1320),(111360,1130),(111481,1480),(111526,1380),(111579,1510),(111625,1130),(111674,1450),(111717,810),(111886,1540),(111931,1590),(111956,1580),(111961,1360),(112112,930),(112122,990),(112161,1270),(112172,1040),(112209,1590),(112226,1530),(112229,1270),(112325,920),(112355,1320),(112382,1040),(112394,860),(112424,1070),(112522,1190),(112534,1010),(112591,1030),(112690,1350),(112714,1310),(112739,960),(112854,990),(112894,1060),(112918,920),(112961,830),(112993,1330),(113019,1000),(113030,840),(113070,850),(113091,1420),(113178,1470),(113207,1080),(113212,1160),(113226,1000),(113233,920),(113238,1530),(113261,1470),(113277,830),(113294,1470),(113295,1510),(113314,1200),(113327,1200),(113329,1560),(113345,1320),(113348,1380),(113357,1080),(113369,1480),(113371,1390),(113423,880),(113425,1050),(113429,1500),(113461,1180),(113463,1010),(113465,1530),(113488,850),(113500,900),(113513,1270),(113525,860),(113564,850),(113580,1000),(113596,880),(113645,1380),(113666,1380),(113688,860),(113696,1000),(113743,960),(113776,1570),(113803,1130),(113812,1020),(113834,1110),(113850,1330),(113874,1320),(113917,1370),(113921,870),(113924,1530),(114061,1500),(114112,1020),(114137,910),(114188,810),(114189,1070),(114233,960),(114276,1300),(114282,1310),(113488,930),(113500,850),(113513,1590),(113525,1320),(113564,1040),(113580,1070),(113596,1160),(113645,1240),(113666,1210),(113688,960),(113696,1040),(113743,1230),(113776,1470),(113803,1390),(113812,1560),(113834,1190),(113850,1190),(113874,1360),(113917,1130),(113212,1180),(113226,1330),(113233,1380),(113238,920),(113261,1040),(113277,880),(113294,870),(113295,940),(113314,1190),(113327,1120),(113329,1250),(113345,1200),(113348,1590),(113357,810),(113369,1520),(111886,990),(111931,1180),(111956,820),(111961,840),(112112,1020),(112122,1140),(112161,840),(112172,990),(112209,1240),(112226,1520),(112229,1240),(112325,1430),(112355,1240),(112382,1290),(112394,1450),(112424,1390),(112522,890),(112534,1070),(110966,940),(110987,1350),(110996,1490),(111057,1160),(111077,1520),(111135,1480),(111137,1140),(111190,880),(111242,1290),(111257,1570),(111308,1460),(111360,1520),(111481,1530),(111526,1450),(111579,1150),(111625,1180),(111674,1570),(111717,1290),(101600,1230),(101608,1260),(101653,1490),(101676,810),(101681,1220),(101713,980),(101730,880),(101774,1340),(101804,1370),(101837,1040),(101980,1110),(102011,1500),(102021,1410),(102107,1470),(102116,1330),(102127,1320),(102142,1270),(102156,1340),(102186,890),(102202,880),(102222,1350),(102243,1570),(102275,840),(100083,950),(100145,1120),(100165,1590),(100179,1180),(100190,1020),(100193,1090),(100289,1330),(100295,1210),(100341,1540),(100343,1230),(100363,1280),(100366,980),(100371,1560),(100376,1030),(100389,1430),(100395,1590),(100425,840),(100479,1400),(100508,1380),(100557,1420),(100567,1000),(100666,1490),(100678,1260),(100716,850),(100805,1390),(100810,1480),(100852,1220),(100879,1540),(101600,1100),(101608,1320),(101653,1510),(101676,1280),(101681,1350),(101713,1450),(101730,1200),(101774,1550),(101804,970),(101837,1140),(101980,840),(102011,1340),(102021,1190),(102107,1430),(102116,1550),(102127,1460),(102142,1060),(102156,860),(102186,1520),(117334,1280),(117365,1290),(117368,1020),(117378,850),(117381,1240),(117385,1130),(117393,940),(117440,1300),(117476,1360),(117575,920),(117631,840),(117644,1260),(117648,960),(117650,920),(112424,890),(112522,1210),(112534,1520),(110966,1180),(110987,1470),(110996,1250),(111057,1430),(111077,1550),(111135,1220),(111137,840),(111190,1070),(111242,1000),(111257,1360),(111308,1350),(111360,970),(111481,980),(111526,1000),(111579,1430),(111625,1490),(111674,1270),(111717,1160),(101600,1090),(101608,1320),(100343,970),(100363,860),(100366,1520),(100371,1040),(100376,1030),(100389,960),(100395,830),(100425,1590),(100479,1580),(100508,940),(100557,1380),(100567,1350),(100666,1360),(100678,1580),(100716,1220),(100805,1240),(100810,1130),(100852,1120),(100879,1570),(100920,1380),(100988,1210),(101038,960),(112522,1390),(112534,1450),(110966,1550),(110987,1470),(110996,1350),(111057,1390),(111077,1250),(111135,1310),(111137,1460),(111190,1590),(111242,1360),(111257,960),(111308,1110),(111360,1230),(111481,940),(111526,850),(111579,1210),(111625,1340),(111674,830),(111717,1140),(113226,820),(113233,1050),(113238,810),(113261,1320),(113277,830),(113294,1150),(113295,1040),(113314,1070),(113327,940),(113329,1550),(113345,960),(113348,880),(113357,1000),(113369,960),(113371,1230),(113423,920),(113425,1360),(113429,1060),(113461,1490),(113463,1320),(113465,920),(113488,1300),(113500,1050),(113513,1040),(113525,850),(113564,1220),(113580,1320),(113596,1290),(113645,1110),(113666,1540),(113688,1360),(113696,1290),(113743,1160),(113776,1280),(113803,880),(113226,1550),(113233,1220),(113238,910),(113261,940),(113277,820),(113294,980),(113295,1010),(113314,1370),(113327,950),(113329,1130),(113345,1330),(113348,1280),(113357,1120),(113369,1560),(113371,890),(113423,940),(113425,1530),(113429,1380),(113461,1250),(113463,1470),(113465,1050),(113488,1110),(113500,1370),(113513,850),(113525,1360),(113564,1410),(113580,1220),(113596,1080),(113645,840),(113666,1340),(113688,1150),(113696,1060),(113743,1320),(113776,1260),(113803,1160),(102311,1130),(102356,1050),(102379,820),(102510,1370),(102543,1060),(102573,1510),(102658,1440),(102718,1480),(102742,1440),(102802,980),(102818,1350),(102822,1010),(102823,1130),(102827,1520),(102873,1140),(102893,1010),(102911,1040),(102931,900),(103016,1340),(103072,1320),(103079,1430),(103098,1490),(103119,1040),(103157,1060),(103165,880),(103249,1440),(103359,1310),(103367,1030),(103406,1580),(103414,1000),(103426,1510),(103438,880),(103444,1360),(103489,960),(103499,810),(103519,1000),(103583,1560),(103599,1270),(103679,1220),(103715,840),(103722,1530),(103747,1090),(103757,1020),(103763,830),(103770,1030),(103796,1240),(103922,1200),(103923,1020),(103946,1200),(108256,820),(108281,1510),(108282,1390),(108334,1010),(108339,1160),(108409,1440),(108455,1080),(108586,1250),(108590,1400),(108607,1540),(108681,1120),(108689,1450),(108747,1540),(108764,1460),(108797,1390),(108847,1570),(108867,1100),(108876,1110),(109017,1420),(109083,1440),(109150,1060),(109171,1260),(109185,1470),(109216,1040),(109245,1080),(109332,1460),(109339,1190),(109341,1380),(109369,910),(109398,1040),(109442,1190),(109444,900),(109516,1380),(109533,1580),(109609,1450),(109646,840),(109669,1360),(109714,830),(109720,1540),(109745,860),(109763,980),(109799,960),(109810,1280),(109862,1220),(109867,1060),(109902,1570),(109953,1440),(109956,1330),(109957,1030),(110051,920),(110057,1510),(110130,1400),(110182,1010),(110193,940),(110203,1020),(110210,1350),(110222,950),(110259,860),(110281,1000),(110354,1500),(110387,1440),(110438,1190),(110453,1580),(110567,1210),(110617,1100),(110641,1060),(110642,940),(110645,1200),(110661,1140),(110704,1120),(110707,1430),(110721,1570),(110737,890),(110786,910),(110842,980),(110873,1390),(110878,950),(110896,930),(110935,880),(110948,1400),(110966,1240),(110987,1390),(110996,1180),(111057,1090),(111077,1300),(111135,1110),(111137,1180),(111190,840),(111242,1000),(111257,890),(111308,1170),(111360,1480),(111481,1340),(111526,1170),(111579,1210),(111625,1330),(111674,1150),(111717,860),(111886,1220),(111931,1140),(111956,1100),(111961,1010),(112112,1250),(112122,1150),(112161,990),(112172,1520),(112209,1490),(112226,1320),(112229,1370),(112325,1590),(112355,1100),(112382,940),(112394,1390),(112424,930),(112522,860),(112534,1340),(112591,1570),(112690,1200),(112714,1090),(112739,1300),(112854,1060),(112894,850),(112918,1570),(112961,1490),(112993,1050),(113019,880),(113030,1140),(113070,980);

/* Table structure for table `source`*/

CREATE TABLE `source` (
  `﻿source_id` int DEFAULT NULL,
  `title` text
);

INSERT INTO `source` VALUES (100,'Hootsuite Inc.'),(110,'Twitter Web Client'),(120,'Twitter for Websites'),(130,'Quorum Government Relations');

/*Table structure for table `twitter_data`*/

CREATE TABLE `twitter_data` (
  `MyUnknownColumn` int DEFAULT NULL,
  `Twitter_Id` double DEFAULT NULL,
  `Date_Published` text,
  `Lik210` int DEFAULT NULL,
  `source_id` int DEFAULT NULL,
  `Tweet` text,
  `Name` text,
  `language_id` int DEFAULT NULL,
  `Retweets` int DEFAULT NULL,
  `200titi210` text,
  `Lat210t24hours` text,
  `sk_id` int DEFAULT NULL
);
 
INSERT INTO `twitter_data` VALUES (0,1.15e18,'2019-07-16 19:10:09+00:00',25,100,'Do you ever get a wrinkled and nearly d210troyed #dollarbill as change and wonder what it has be200 through in its li… https://t.co/ghDYJELjpF','CreditLoan',200,2,'{\'hashtags\': [{\'text\': \'dollarbill\', \'indic210\': [48, 59]}], \'symbols\': [], \'user_m200tions\': [], \'urls\': [{\'url\': \'https://t.co/ghDYJELjpF\', \'expanded_url\': \'https://twitter.com/i/web/status/1151207408179564546\', \'display_url\': \'twitter.com/i/web/status/1…\', \'indic210\': [117, 140]}]}','2022-11-13 11:05:17+00:00',100289),(1,1.15e18,'2019-07-11 15:29:54+00:00',10,100,'What are your plans after #highschool? Whether you\'d like to att200d an in-state #college or have plans to v200ture e… https://t.co/iEeaGk0LDh','CreditLoan',200,0,'{\'hashtags\': [{\'text\': \'highschool\', \'indic210\': [26, 37]}, {\'text\': \'college\', \'indic210\': [80, 88]}], \'symbols\': [], \'user_m200tions\': [], \'urls\': [{\'url\': \'https://t.co/iEeaGk0LDh\', \'expanded_url\': \'https://twitter.com/i/web/status/1149340041132544000\', \'display_url\': \'twitter.com/i/web/status/1…\', \'indic210\': [117, 140]}]}','2022-11-13 10:34:08+00:00',100295),(2,1.15e18,'2019-07-10 15:45:09+00:00',5,100,'Whether you\'re trying to save up for something new or trying to pay off old #debt, sticking to a #budget can prove… https://t.co/nFQtdSbz2b','CreditLoan',200,0,'{\'hashtags\': [{\'text\': \'debt\', \'indic210\': [76, 81]}, {\'text\': \'budget\', \'indic210\': [97, 104]}], \'symbols\': [], \'user_m200tions\': [], \'urls\': [{\'url\': \'https://t.co/nFQtdSbz2b\', \'expanded_url\': \'https://twitter.com/i/web/status/1148981491503943681\', \'display_url\': \'twitter.com/i/web/status/1…\', \'indic210\': [116, 139]}]}','2022-11-11 11:03:14+00:00',100341),(3,1.15e18,'2019-07-09 17:20:00+00:00',2,100,'Did your old car finally bite the dust? Ready for that \"new car\"\" smell? Learn about #autoloans before you head off… https://t.co/tYrTwBeOcU\"','CreditLoan',200,0,'{\'hashtags\': [{\'text\': \'autoloans\', \'indic210\': [84, 94]}], \'symbols\': [], \'user_m200tions\': [], \'urls\': [{\'url\': \'https://t.co/tYrTwBeOcU\', \'expanded_url\': \'https://twitter.com/i/web/status/1148642974487777280\', \'display_url\': \'twitter.com/i/web/status/1…\', \'indic210\': [116, 139]}]}','2022-11-11 10:41:18+00:00',100343),(4,1.15e18,'2019-07-02 18:54:47+00:00',3,100,'With all of the extra fe210 tacked onto an already exp200sive plane ticket, it feels like taking a trip costs and arm… https://t.co/Zk200agB3MY','CreditLoan',200,0,'{\'hashtags\': [], \'symbols\': [], \'user_m200tions\': [], \'urls\': [{\'url\': \'https://t.co/Zk200agB3MY\', \'expanded_url\': \'https://twitter.com/i/web/status/1146130110271184902\', \'display_url\': \'twitter.com/i/web/status/1…\', \'indic210\': [117, 140]}]}','2022-11-11 10:20:33+00:00',100363),(5,1.14e18,'2019-06-28 18:33:12+00:00',1,100,'Do you have a bad #creditscore? Sometim210 it seems like your score drops overnight. Learn what might be lowering it… https://t.co/uxopoKAhoB','CreditLoan',200,1,'{\'hashtags\': [{\'text\': \'creditscore\', \'indic210\': [18, 30]}], \'symbols\': [], \'user_m200tions\': [], \'urls\': [{\'url\': \'https://t.co/uxopoKAhoB\', \'expanded_url\': \'https://twitter.com/i/web/status/1144675128548175872\', \'display_url\': \'twitter.com/i/web/status/1…\', \'indic210\': [117, 140]}]}','2022-11-09 14:43:09+00:00',100366),(6,1.14e18,'2019-06-19 18:41:15+00:00',1,100,'Being replaced by a machine is a real fear in the modern workplace. If you are human and want to have a chance at k… https://t.co/3QIUUj4zV2','CreditLoan',200,0,'{\'hashtags\': [], \'symbols\': [], \'user_m200tions\': [], \'urls\': [{\'url\': \'https://t.co/3QIUUj4zV2\', \'expanded_url\': \'https://twitter.com/i/web/status/1141415666228113408\', \'display_url\': \'twitter.com/i/web/status/1…\', \'indic210\': [117, 140]}]}','2022-11-08 14:54:26+00:00',100371),(7,1.14e18,'2019-06-12 19:04:40+00:00',2,100,'High School Grads: Do NOT go off to #college without understanding the importance of #financialliteracy. You\'ll tha… https://t.co/GaN1BH6Sa0','CreditLoan',200,0,'{\'hashtags\': [{\'text\': \'college\', \'indic210\': [36, 44]}, {\'text\': \'financialliteracy\', \'indic210\': [85, 103]}], \'symbols\': [], \'user_m200tions\': [], \'urls\': [{\'url\': \'https://t.co/GaN1BH6Sa0\', \'expanded_url\': \'https://twitter.com/i/web/status/1138884842572144641\', \'display_url\': \'twitter.com/i/web/status/1…\', \'indic210\': [117, 140]}]}','2022-11-08 11:04:48+00:00',100376),(8,1.14e18,'2019-06-12 19:04:01+00:00',1,100,'#HighSchool #Grads: Do NOT go off to #college without understanding the importance of #financialliteracy. You\'ll th… https://t.co/tiJbtR3Mgm','CreditLoan',200,0,'{\'hashtags\': [{\'text\': \'HighSchool\', \'indic210\': [0, 11]}, {\'text\': \'Grads\', \'indic210\': [12, 18]}, {\'text\': \'college\', \'indic210\': [37, 45]}, {\'text\': \'financialliteracy\', \'indic210\': [86, 104]}], \'symbols\': [], \'user_m200tions\': [], \'urls\': [{\'url\': \'https://t.co/tiJbtR3Mgm\', \'expanded_url\': \'https://twitter.com/i/web/status/1138884679862509568\', \'display_url\': \'twitter.com/i/web/status/1…\', \'indic210\': [117, 140]}]}','2022-11-08 10:32:21+00:00',100389),(9,1.14e18,'2019-06-10 16:10:04+00:00',1,100,'If you have yet to start an emerg200cy fund, what are you waiting for? Find out how you can begin to set money aside… https://t.co/2LkMrlXP0S','CreditLoan',200,1,'{\'hashtags\': [], \'symbols\': [], \'user_m200tions\': [], \'urls\': [{\'url\': \'https://t.co/2LkMrlXP0S\', \'expanded_url\': \'https://twitter.com/i/web/status/1138116124984455169\', \'display_url\': \'twitter.com/i/web/status/1…\', \'indic210\': [117, 140]}]}','2022-11-08 09:44:24+00:00',100395),(10,1.14e18,'2019-06-07 15:19:34+00:00',0,100,'Learn how to budget as a couple so that you can avoid the fights about money that hurt too many #relationships.… https://t.co/P4Me9nYwgS','CreditLoan',200,0,'{\'hashtags\': [{\'text\': \'relationships\', \'indic210\': [96, 110]}], \'symbols\': [], \'user_m200tions\': [], \'urls\': [{\'url\': \'https://t.co/P4Me9nYwgS\', \'expanded_url\': \'https://twitter.com/i/web/status/1137016253934166016\', \'display_url\': \'twitter.com/i/web/status/1…\', \'indic210\': [113, 136]}]}','2022-11-08 03:36:50+00:00',100425),(11,1.11e18,'2019-04-06 17:10:04+00:00',2,100,'If you need a bit of help consolidating your #creditcard #debt, paying off bills, or building up your #savings, a… https://t.co/ADZ3ELDUAB','CreditLoan',200,0,'{\'hashtags\': [{\'text\': \'creditcard\', \'indic210\': [45, 56]}, {\'text\': \'debt\', \'indic210\': [57, 62]}, {\'text\': \'savings\', \'indic210\': [102, 110]}], \'symbols\': [], \'user_m200tions\': [], \'urls\': [{\'url\': \'https://t.co/ADZ3ELDUAB\', \'expanded_url\': \'https://twitter.com/i/web/status/1114576015056150529\', \'display_url\': \'twitter.com/i/web/status/1…\', \'indic210\': [115, 138]}]}','2022-11-07 21:00:35+00:00',100479),(12,1.11e18,'2019-04-04 17:10:06+00:00',0,100,'There\'s nothing better than coming home to precious pet at the 200d of a long day; but how much are they costing ove… https://t.co/3Gp3GNqIvJ','CreditLoan',200,0,'{\'hashtags\': [], \'symbols\': [], \'user_m200tions\': [], \'urls\': [{\'url\': \'https://t.co/3Gp3GNqIvJ\', \'expanded_url\': \'https://twitter.com/i/web/status/1113851246895599620\', \'display_url\': \'twitter.com/i/web/status/1…\', \'indic210\': [117, 140]}]}','2022-11-07 10:44:25+00:00',100508),(13,1.11e18,'2019-04-03 16:27:35+00:00',0,100,'Want to go broke slowly? Try having a kid while the cost of #childcare skyrockets in the #UnitedStat210. What kind o… https://t.co/Crkzgbi1ic','CreditLoan',200,0,'{\'hashtags\': [{\'text\': \'childcare\', \'indic210\': [60, 70]}, {\'text\': \'UnitedStat210\', \'indic210\': [89, 102]}], \'symbols\': [], \'user_m200tions\': [], \'urls\': [{\'url\': \'https://t.co/Crkzgbi1ic\', \'expanded_url\': \'https://twitter.com/i/web/status/1113478159645720577\', \'display_url\': \'twitter.com/i/web/status/1…\', \'indic210\': [117, 140]}]}','2022-11-07 09:41:14+00:00',100557),(14,1.11e18,'2019-03-29 18:01:29+00:00',3,100,'230om #ApexLeg200ds and #Fortnite to taking online college cours210 and #banking, millions of people sp200d a significa… https://t.co/Wcb0dl1k9E','CreditLoan',200,0,'{\'hashtags\': [{\'text\': \'ApexLeg200ds\', \'indic210\': [5, 17]}, {\'text\': \'Fortnite\', \'indic210\': [22, 31]}, {\'text\': \'banking\', \'indic210\': [69, 77]}], \'symbols\': [], \'user_m200tions\': [], \'urls\': [{\'url\': \'https://t.co/Wcb0dl1k9E\', \'expanded_url\': \'https://twitter.com/i/web/status/1111689851403943936\', \'display_url\': \'twitter.com/i/web/status/1…\', \'indic210\': [117, 140]}]}','2022-11-06 20:15:38+00:00',100567),(15,1.11e18,'2019-03-28 00:00:32+00:00',0,100,'With #Payl210s going out of busin210s and #ToysRUs closing its doors last year, can brick and mortar stor210 survive i… https://t.co/44Hk52XAaT','CreditLoan',200,0,'{\'hashtags\': [{\'text\': \'Payl210s\', \'indic210\': [5, 13]}, {\'text\': \'ToysRUs\', \'indic210\': [40, 48]}], \'symbols\': [], \'user_m200tions\': [], \'urls\': [{\'url\': \'https://t.co/44Hk52XAaT\', \'expanded_url\': \'https://twitter.com/i/web/status/1111055432972414976\', \'display_url\': \'twitter.com/i/web/status/1…\', \'indic210\': [117, 140]}]}','2022-11-06 11:05:40+00:00',100666),(16,1.11e18,'2019-03-27 20:01:23+00:00',1,100,'#TaxSeason is upon us... and you may be thinking about cutting a few corners to reduce your #taxbill. Are th210e… https://t.co/tDc6sGCuGO','CreditLoan',200,0,'{\'hashtags\': [{\'text\': \'TaxSeason\', \'indic210\': [0, 10]}, {\'text\': \'taxbill\', \'indic210\': [92, 100]}], \'symbols\': [], \'user_m200tions\': [], \'urls\': [{\'url\': \'https://t.co/tDc6sGCuGO\', \'expanded_url\': \'https://twitter.com/i/web/status/1110995248887537664\', \'display_url\': \'twitter.com/i/web/status/1…\', \'indic210\': [113, 136]}]}','2022-11-06 10:56:43+00:00',100678),(17,1.11e18,'2019-03-24 17:00:51+00:00',1,100,'Planning a #wedding is str210sful no matter what, it do210n\'t have to be a burd200 on your bank account wh200 you set a… https://t.co/xKRfLrv6cP','CreditLoan',200,0,'{\'hashtags\': [{\'text\': \'wedding\', \'indic210\': [11, 19]}], \'symbols\': [], \'user_m200tions\': [], \'urls\': [{\'url\': \'https://t.co/xKRfLrv6cP\', \'expanded_url\': \'https://twitter.com/i/web/status/1109862655349669888\', \'display_url\': \'twitter.com/i/web/status/1…\', \'indic210\': [117, 140]}]}','2022-11-06 10:53:48+00:00',100716),(18,1.11e18,'2019-03-22 18:01:14+00:00',0,100,'Just get paid? How do your #paycheck #sp200dinghabits compare to the r210t of the #UnitedStat210? #finance… https://t.co/oSL1WrKuF0','CreditLoan',200,0,'{\'hashtags\': [{\'text\': \'paycheck\', \'indic210\': [27, 36]}, {\'text\': \'sp200dinghabits\', \'indic210\': [37, 52]}, {\'text\': \'UnitedStat210\', \'indic210\': [80, 93]}, {\'text\': \'finance\', \'indic210\': [95, 103]}], \'symbols\': [], \'user_m200tions\': [], \'urls\': [{\'url\': \'https://t.co/oSL1WrKuF0\', \'expanded_url\': \'https://twitter.com/i/web/status/1109153072629104640\', \'display_url\': \'twitter.com/i/web/status/1…\', \'indic210\': [105, 128]}]}','2022-11-06 10:48:28+00:00',100805),(19,1.11e18,'2019-03-20 20:23:12+00:00',0,100,'Emerg200ci210 happ200 - and they can cost a lot. #PersonalLoans can help you cover what you need to get back on your f… https://t.co/2MM1MxNA4N','CreditLoan',200,0,'{\'hashtags\': [{\'text\': \'PersonalLoans\', \'indic210\': [46, 60]}], \'symbols\': [], \'user_m200tions\': [], \'urls\': [{\'url\': \'https://t.co/2MM1MxNA4N\', \'expanded_url\': \'https://twitter.com/i/web/status/1108464025883561984\', \'display_url\': \'twitter.com/i/web/status/1…\', \'indic210\': [117, 140]}]}','2022-11-06 10:37:05+00:00',100810),(20,1.11e18,'2019-03-19 20:15:04+00:00',0,100,'With competitors like #Disney and #DCUniverse creating their own #streamservic210, how will #Netflix compete? What w… https://t.co/bzMZTfSJDg','CreditLoan',200,0,'{\'hashtags\': [{\'text\': \'Disney\', \'indic210\': [22, 29]}, {\'text\': \'DCUniverse\', \'indic210\': [34, 45]}, {\'text\': \'streamservic210\', \'indic210\': [65, 80]}, {\'text\': \'Netflix\', \'indic210\': [91, 99]}], \'symbols\': [], \'user_m200tions\': [], \'urls\': [{\'url\': \'https://t.co/bzMZTfSJDg\', \'expanded_url\': \'https://twitter.com/i/web/status/1108099592430735366\', \'display_url\': \'twitter.com/i/web/status/1…\', \'indic210\': [117, 140]}]}','2022-11-06 10:27:04+00:00',100852),(21,1.11e18,'2019-03-18 19:41:12+00:00',0,100,'Correcting bad sp200ding habits can be hard wh200 you struggle with #debt, but they are not impossible to overcome.… https://t.co/whJpjtgNKf','CreditLoan',200,0,'{\'hashtags\': [{\'text\': \'debt\', \'indic210\': [66, 71]}], \'symbols\': [], \'user_m200tions\': [], \'urls\': [{\'url\': \'https://t.co/whJpjtgNKf\', \'expanded_url\': \'https://twitter.com/i/web/status/1107728681412247553\', \'display_url\': \'twitter.com/i/web/status/1…\', \'indic210\': [115, 138]}]}','2022-11-05 21:42:39+00:00',100879),(22,1.11e18,'2019-03-17 15:30:16+00:00',0,100,'In honor of #StPatricksDay, today we explore the #DoubleIrish #tax scheme that is used by 3 of the top U.S.… https://t.co/CalZ80myOm','CreditLoan',200,0,'{\'hashtags\': [{\'text\': \'StPatricksDay\', \'indic210\': [12, 26]}, {\'text\': \'DoubleIrish\', \'indic210\': [49, 61]}, {\'text\': \'tax\', \'indic210\': [62, 66]}], \'symbols\': [], \'user_m200tions\': [], \'urls\': [{\'url\': \'https://t.co/CalZ80myOm\', \'expanded_url\': \'https://twitter.com/i/web/status/1107303143371694081\', \'display_url\': \'twitter.com/i/web/status/1…\', \'indic210\': [109, 132]}]}','2022-11-05 21:28:10+00:00',100920),(23,1.11e18,'2019-03-15 20:30:15+00:00',1,100,'Need a #loan to buy a new #car? Want to consolidate your #debt? We\'re here to help you take care of your exp200s210 w… https://t.co/cRPdDT8TbU','CreditLoan',200,0,'{\'hashtags\': [{\'text\': \'loan\', \'indic210\': [7, 12]}, {\'text\': \'car\', \'indic210\': [26, 30]}, {\'text\': \'debt\', \'indic210\': [57, 62]}], \'symbols\': [], \'user_m200tions\': [], \'urls\': [{\'url\': \'https://t.co/cRPdDT8TbU\', \'expanded_url\': \'https://twitter.com/i/web/status/1106653858946863106\', \'display_url\': \'twitter.com/i/web/status/1…\', \'indic210\': [117, 140]}]}','2022-11-05 20:59:42+00:00',100988),(24,1.11e18,'2019-03-14 14:45:07+00:00',0,100,'After nearly 10 years, a rec210sion is on the horizon for the #UnitedStat210. How will the #economy fare and what wil… https://t.co/BnO3Alpqnq','CreditLoan',200,0,'{\'hashtags\': [{\'text\': \'UnitedStat210\', \'indic210\': [61, 74]}, {\'text\': \'economy\', \'indic210\': [89, 97]}], \'symbols\': [], \'user_m200tions\': [], \'urls\': [{\'url\': \'https://t.co/BnO3Alpqnq\', \'expanded_url\': \'https://twitter.com/i/web/status/1106204617556348929\', \'display_url\': \'twitter.com/i/web/status/1…\', \'indic210\': [117, 140]}]}','2022-11-05 20:53:21+00:00',101038),(25,1.11e18,'2019-03-13 19:05:13+00:00',0,100,'230om #W200dys to fancy steakhous210, #Americans love eating at r210taurants. How much is this habit actually costing y… https://t.co/HJWfnRZGZV','CreditLoan',200,0,'{\'hashtags\': [{\'text\': \'W200dys\', \'indic210\': [5, 12]}, {\'text\': \'Americans\', \'indic210\': [35, 45]}], \'symbols\': [], \'user_m200tions\': [], \'urls\': [{\'url\': \'https://t.co/HJWfnRZGZV\', \'expanded_url\': \'https://twitter.com/i/web/status/1105907682899361797\', \'display_url\': \'twitter.com/i/web/status/1…\', \'indic210\': [117, 140]}]}','2022-11-05 20:45:52+00:00',101059),(26,1.11e18,'2019-03-12 18:23:50+00:00',0,100,'Did you feel a bit let down by your #taxreturn? Many people felt slighted by the numbers this year and this could b… https://t.co/TpSBfx6sOA','CreditLoan',200,1,'{\'hashtags\': [{\'text\': \'taxreturn\', \'indic210\': [36, 46]}], \'symbols\': [], \'user_m200tions\': [], \'urls\': [{\'url\': \'https://t.co/TpSBfx6sOA\', \'expanded_url\': \'https://twitter.com/i/web/status/1105534882892136448\', \'display_url\': \'twitter.com/i/web/status/1…\', \'indic210\': [117, 140]}]}','2022-11-05 20:19:16+00:00',101129),(27,1.11e18,'2019-03-11 20:45:04+00:00',0,100,'After beating its own box office projections this week200d, the 200ormity of #CaptainMarvel could be a total gamechan… https://t.co/84z50O0o0e','CreditLoan',200,0,'{\'hashtags\': [{\'text\': \'CaptainMarvel\', \'indic210\': [75, 89]}], \'symbols\': [], \'user_m200tions\': [], \'urls\': [{\'url\': \'https://t.co/84z50O0o0e\', \'expanded_url\': \'https://twitter.com/i/web/status/1105208038217138177\', \'display_url\': \'twitter.com/i/web/status/1…\', \'indic210\': [117, 140]}]}','2022-11-05 20:09:46+00:00',101148),(28,1.11e18,'2019-03-11 17:15:06+00:00',0,100,'Most super #wealthy people didn\'t get that way overnight. Following the saving habits of the rich and famous can he… https://t.co/I0un6jBTuU','CreditLoan',200,0,'{\'hashtags\': [{\'text\': \'wealthy\', \'indic210\': [11, 19]}], \'symbols\': [], \'user_m200tions\': [], \'urls\': [{\'url\': \'https://t.co/I0un6jBTuU\', \'expanded_url\': \'https://twitter.com/i/web/status/1105155197213593600\', \'display_url\': \'twitter.com/i/web/status/1…\', \'indic210\': [117, 140]}]}','2022-11-05 14:44:54+00:00',101158),(29,1.1e18,'2019-02-11 22:04:44+00:00',0,110,'What is the value of a #Grammy? It dep200ds on the context. Sure, it’s worth a few dollars wh200 produced, but how mu… https://t.co/Bd6cDLzAaT','CreditLoan',200,0,'{\'hashtags\': [{\'text\': \'Grammy\', \'indic210\': [23, 30]}], \'symbols\': [], \'user_m200tions\': [], \'urls\': [{\'url\': \'https://t.co/Bd6cDLzAaT\', \'expanded_url\': \'https://twitter.com/i/web/status/1095081224949903363\', \'display_url\': \'twitter.com/i/web/status/1…\', \'indic210\': [117, 140]}]}','2022-11-05 14:07:30+00:00',101166),(30,1e18,'2018-05-24 14:12:11+00:00',2,110,'Stay in Control of Your Wedding Budget @TheDr210sMatters #wedding #budget https://t.co/HKjlxGrQD7\n\n0 repli210 0 retwe… https://t.co/230hnUBY5Ue','CreditLoan',200,0,'{\'hashtags\': [{\'text\': \'wedding\', \'indic210\': [56, 64]}, {\'text\': \'budget\', \'indic210\': [65, 72]}], \'symbols\': [], \'user_m200tions\': [{\'scre200_name\': \'TheDr210sMatters\', \'name\': \'The Dr210s Matters\', \'id\': 2350662577, \'id_str\': \'2350662577\', \'indic210\': [39, 55]}], \'urls\': [{\'url\': \'https://t.co/HKjlxGrQD7\', \'expanded_url\': \'http://thedr210smatters.com/blog/stay-in-control-of-your-wedding-budget\', \'display_url\': \'thedr210smatters.com/blog/stay-in-c…\', \'indic210\': [73, 96]}, {\'url\': \'https://t.co/230hnUBY5Ue\', \'expanded_url\': \'https://twitter.com/i/web/status/999654295460089856\', \'display_url\': \'twitter.com/i/web/status/9…\', \'indic210\': [117, 140]}]}','',101216),(31,9.97e17,'2018-05-16 01:16:03+00:00',0,110,'https://t.co/xtQzRWlrJe @missmillmag','CreditLoan',210,0,'{\'hashtags\': [], \'symbols\': [], \'user_m200tions\': [{\'scre200_name\': \'MissMillMag\', \'name\': \'Miss Mill200nia Magazine\', \'id\': 265702493, \'id_str\': \'265702493\', \'indic210\': [24, 36]}], \'urls\': [{\'url\': \'https://t.co/xtQzRWlrJe\', \'expanded_url\': \'https://missmillmag.com/marriage-weddings/10-b210t-ideas-230ugal-wedding/\', \'display_url\': \'missmillmag.com/marriage-weddi…\', \'indic210\': [0, 23]}]}','',101218),(32,9.97e17,'2018-05-16 01:10:07+00:00',1,110,'https://t.co/x2WQcDvqlf @cmindscape','CreditLoan',210,0,'{\'hashtags\': [], \'symbols\': [], \'user_m200tions\': [{\'scre200_name\': \'cmindscape\', \'name\': \'Creative Mindscape\', \'id\': 44804711, \'id_str\': \'44804711\', \'indic210\': [24, 35]}], \'urls\': [{\'url\': \'https://t.co/x2WQcDvqlf\', \'expanded_url\': \'https://creativemindscape.com/2018-seo-tr200d-predictions-230om-13-industry-experts/\', \'display_url\': \'creativemindscape.com/2018-seo-tr200d…\', \'indic210\': [0, 23]}]}','',101335),(33,9.95e17,'2018-05-11 20:55:13+00:00',0,110,'https://t.co/1KxqWf3Vyw  @mkiniulis','CreditLoan',210,0,'{\'hashtags\': [], \'symbols\': [], \'user_m200tions\': [{\'scre200_name\': \'MKiniulis\', \'name\': \'Marius Kiniulis\', \'id\': 1485142015, \'id_str\': \'1485142015\', \'indic210\': [25, 35]}], \'urls\': [{\'url\': \'https://t.co/1KxqWf3Vyw\', \'expanded_url\': \'http://www.markinblog.com/busin210s-books/\', \'display_url\': \'markinblog.com/busin210s-books/\', \'indic210\': [0, 23]}]}','',101351),(34,9.95e17,'2018-05-11 17:30:34+00:00',1,110,'https://t.co/ylgfAcSZEj @bloghandsseo','CreditLoan',210,0,'{\'hashtags\': [], \'symbols\': [], \'user_m200tions\': [{\'scre200_name\': \'bloghandsseo\', \'name\': \'Blog Hands\', \'id\': 543248707, \'id_str\': \'543248707\', \'indic210\': [24, 37]}], \'urls\': [{\'url\': \'https://t.co/ylgfAcSZEj\', \'expanded_url\': \'https://bloghands.com/blog/8-marketing-experts-discuss-the-role-and-future-of-blogging\', \'display_url\': \'bloghands.com/blog/8-marketi…\', \'indic210\': [0, 23]}]}','',101372),(35,9.95e17,'2018-05-10 19:32:10+00:00',1,110,'https://t.co/jtgt1e9zfL','CreditLoan',220,2,'{\'hashtags\': [], \'symbols\': [], \'user_m200tions\': [], \'urls\': [{\'url\': \'https://t.co/jtgt1e9zfL\', \'expanded_url\': \'https://www.leonardandrew.com/lac-blog/fafsa-information-and-r210ourc210-at-creditloancom\', \'display_url\': \'leonardandrew.com/lac-blog/fafsa…\', \'indic210\': [0, 23]}]}','',101422),(36,9.94e17,'2018-05-09 18:28:30+00:00',0,110,'How to Outsmart Hidd200 Wedding Costs @DrAlanViau https://t.co/nRXbxzvtC8','CreditLoan',200,0,'{\'hashtags\': [], \'symbols\': [], \'user_m200tions\': [{\'scre200_name\': \'DrAlanViau\', \'name\': \'Alan Viau\', \'id\': 110164742, \'id_str\': \'110164742\', \'indic210\': [37, 48]}], \'urls\': [{\'url\': \'https://t.co/nRXbxzvtC8\', \'expanded_url\': \'https://alanviau.com/2018/05/08/how-to-outsmart-hidd200-wedding-costs/\', \'display_url\': \'alanviau.com/2018/05/08/how…\', \'indic210\': [49, 72]}]}','',101452),(37,9.94e17,'2018-05-07 16:30:31+00:00',0,110,'https://t.co/PCn8u1z8dS @loanabl210','CreditLoan',210,0,'{\'hashtags\': [], \'symbols\': [], \'user_m200tions\': [{\'scre200_name\': \'loanabl210\', \'name\': \'spacewarp\', \'id\': 1382567202335956994, \'id_str\': \'1382567202335956994\', \'indic210\': [24, 34]}], \'urls\': [{\'url\': \'https://t.co/PCn8u1z8dS\', \'expanded_url\': \'https://www.loanabl210.com/hub/index.php/2018/03/30/table-siz210-and-seating/\', \'display_url\': \'loanabl210.com/hub/index.php/…\', \'indic210\': [0, 23]}]}','',101461),(38,9.92e17,'2018-05-03 19:15:01+00:00',1,110,'Digital Nomads: make filing tax 230om abroad easy with this guide full of #tax tips, r210ourc210, and strategi210!… https://t.co/rBsmcjIs6N','CreditLoan',200,1,'{\'hashtags\': [{\'text\': \'tax\', \'indic210\': [73, 77]}], \'symbols\': [], \'user_m200tions\': [], \'urls\': [{\'url\': \'https://t.co/rBsmcjIs6N\', \'expanded_url\': \'https://twitter.com/i/web/status/992120363348873216\', \'display_url\': \'twitter.com/i/web/status/9…\', \'indic210\': [112, 135]}]}','',101463),(39,9.91e17,'2018-04-30 16:13:04+00:00',0,110,'Check out How to Outsmart Hidd200 Wedding Costs and Stay in Control of Your Wedding Budget@WeddingGuideCA… https://t.co/DmBnQjDD8V','CreditLoan',200,0,'{\'hashtags\': [], \'symbols\': [], \'user_m200tions\': [], \'urls\': [{\'url\': \'https://t.co/DmBnQjDD8V\', \'expanded_url\': \'https://twitter.com/i/web/status/990987407762841601\', \'display_url\': \'twitter.com/i/web/status/9…\', \'indic210\': [106, 129]}]}','',101476),(40,9.9e17,'2018-04-26 20:30:00+00:00',0,110,'RT @GiftofCollege: The Ultimate FAFSA Guide for 2018 - Check out this infographic 230om @CreditLoan and find out why you should apply for FA…','CreditLoan',200,1,'{\'hashtags\': [], \'symbols\': [], \'user_m200tions\': [{\'scre200_name\': \'GiftofCollege\', \'name\': \'Gift of College\', \'id\': 122270631, \'id_str\': \'122270631\', \'indic210\': [3, 17]}, {\'scre200_name\': \'CreditLoan\', \'name\': \'CreditLoan.com\', \'id\': 20288521, \'id_str\': \'20288521\', \'indic210\': [87, 98]}], \'urls\': []}','',101482),(41,9.87e17,'2018-04-20 17:40:43+00:00',1,110,'https://t.co/1Uapo5eWHF @b210tcompanyusa','CreditLoan',210,1,'{\'hashtags\': [], \'symbols\': [], \'user_m200tions\': [{\'scre200_name\': \'B210tCompanyUSA\', \'name\': \'B210t Company\', \'id\': 2327626963, \'id_str\': \'2327626963\', \'indic210\': [24, 39]}], \'urls\': [{\'url\': \'https://t.co/1Uapo5eWHF\', \'expanded_url\': \'https://b210tcompany.com/credit-repair/blog/true-stori210-of-the-b210t-and-worst-credit-advice\', \'display_url\': \'b210tcompany.com/credit-repair/…\', \'indic210\': [0, 23]}]}','',101493),(42,9.87e17,'2018-04-19 14:12:22+00:00',1,110,'https://t.co/VGC03V2108i @Ninja_Capital','CreditLoan',210,0,'{\'hashtags\': [], \'symbols\': [], \'user_m200tions\': [{\'scre200_name\': \'Ninja_Capital\', \'name\': \'Ninja Capitalist\', \'id\': 898385179072356352, \'id_str\': \'898385179072356352\', \'indic210\': [24, 38]}], \'urls\': [{\'url\': \'https://t.co/VGC03V2108i\', \'expanded_url\': \'https://www.ninjacapitalist.com/do-financial-advisors-add-value/\', \'display_url\': \'ninjacapitalist.com/do-financial-a…\', \'indic210\': [0, 23]}]}','',101508),(43,9.87e17,'2018-04-18 22:05:18+00:00',1,110,'https://t.co/KHaqgIdiXh @PositivityPost1','CreditLoan',210,0,'{\'hashtags\': [], \'symbols\': [], \'user_m200tions\': [{\'scre200_name\': \'PositivityPost1\', \'name\': \'Positivity Post\', \'id\': 3198785537, \'id_str\': \'3198785537\', \'indic210\': [24, 40]}], \'urls\': [{\'url\': \'https://t.co/KHaqgIdiXh\', \'expanded_url\': \'https://positivitypost.com/r210ourc210-to-master-your-money-matters-in-2018/\', \'display_url\': \'positivitypost.com/r210ourc210-to-m…\', \'indic210\': [0, 23]}]}','',101517),(44,9.87e17,'2018-04-18 21:58:38+00:00',1,110,'https://t.co/eTQNYuuyTn','CreditLoan',220,0,'{\'hashtags\': [], \'symbols\': [], \'user_m200tions\': [], \'urls\': [{\'url\': \'https://t.co/eTQNYuuyTn\', \'expanded_url\': \'https://wetravelbecause.com/blog/2017/8/23/how-to-avoid-airline-baggage-fe210\', \'display_url\': \'wetravelbecause.com/blog/2017/8/23…\', \'indic210\': [0, 23]}]}','',101586),(45,9.84e17,'2018-04-11 23:24:58+00:00',0,110,'https://t.co/EgQlar46gv','CreditLoan',220,0,'{\'hashtags\': [], \'symbols\': [], \'user_m200tions\': [], \'urls\': [{\'url\': \'https://t.co/EgQlar46gv\', \'expanded_url\': \'http://kevinjrooney.com/tip-picking-a-credit-card-thats-right-for-you/\', \'display_url\': \'kevinjrooney.com/tip-picking-a-…\', \'indic210\': [0, 23]}]}','',101600),(46,9.84e17,'2018-04-10 16:27:48+00:00',0,110,'RT @lisableich: The Ultimate FAFSA Guide (2018) https://t.co/IVVEDfWJZq','CreditLoan',200,2,'{\'hashtags\': [], \'symbols\': [], \'user_m200tions\': [{\'scre200_name\': \'lisableich\', \'name\': \'Lisa Bleich\', \'id\': 140229108, \'id_str\': \'140229108\', \'indic210\': [3, 14]}], \'urls\': [{\'url\': \'https://t.co/IVVEDfWJZq\', \'expanded_url\': \'https://www.creditloan.com/stud200t-loans/fafsa-guide/#.Wstz72PayCc.twitter\', \'display_url\': \'creditloan.com/stud200t-loans/…\', \'indic210\': [48, 71]}]}','',101608),(47,9.83e17,'2018-04-09 15:54:05+00:00',0,110,'How To Get The B210t Flight Deals: https://t.co/Jt0g2b5UkO','CreditLoan',200,0,'{\'hashtags\': [], \'symbols\': [], \'user_m200tions\': [], \'urls\': [{\'url\': \'https://t.co/Jt0g2b5UkO\', \'expanded_url\': \'http://www.justintheknow.com/get-b210t-flight-deals/\', \'display_url\': \'justintheknow.com/get-b210t-fligh…\', \'indic210\': [34, 57]}]}','',101653),(48,9.81e17,'2018-04-02 15:31:33+00:00',2,110,'https://t.co/QQYNYB7MHD','CreditLoan',220,0,'{\'hashtags\': [], \'symbols\': [], \'user_m200tions\': [], \'urls\': [{\'url\': \'https://t.co/QQYNYB7MHD\', \'expanded_url\': \'http://www.financialguidetolife.com/index.php/sp200ding-your-money/paying-for-college/college-loans/\', \'display_url\': \'financialguidetolife.com/index.php/sp200…\', \'indic210\': [0, 23]}]}','',101676),(49,9.79e17,'2018-03-29 14:43:25+00:00',2,110,'https://t.co/Yo3rOyW2e8  @RetireManif210to','CreditLoan',210,0,'{\'hashtags\': [], \'symbols\': [], \'user_m200tions\': [{\'scre200_name\': \'RetireManif210to\', \'name\': \'Retirem200tManif210to\', \'id\': 3293009217, \'id_str\': \'3293009217\', \'indic210\': [25, 41]}], \'urls\': [{\'url\': \'https://t.co/Yo3rOyW2e8\', \'expanded_url\': \'http://www.theretirem200tmanif210to.com/the-dilbert-principl210-of-personal-finance-an-infographic/\', \'display_url\': \'theretirem200tmanif210to.com/the-dilbert-pr…\', \'indic210\': [0, 23]}]}','',101681),(50,9.79e17,'2018-03-28 19:29:53+00:00',2,110,'https://t.co/da4rfwZ6QD  @24Savvy','CreditLoan',210,1,'{\'hashtags\': [], \'symbols\': [], \'user_m200tions\': [{\'scre200_name\': \'24Savvy\', \'name\': \'24Savvy\', \'id\': 89519692, \'id_str\': \'89519692\', \'indic210\': [25, 33]}], \'urls\': [{\'url\': \'https://t.co/da4rfwZ6QD\', \'expanded_url\': \'http://www.24savvy.com/home/2016/6/17/50-b210t-money-saving-blogs-and-websit210\', \'display_url\': \'24savvy.com/home/2016/6/17…\', \'indic210\': [0, 23]}]}','',101713),(51,9.78e17,'2018-03-26 20:11:32+00:00',2,110,'https://t.co/Xy8y5seTJY @forafinancial','CreditLoan',210,0,'{\'hashtags\': [], \'symbols\': [], \'user_m200tions\': [{\'scre200_name\': \'ForaFinancial\', \'name\': \'Fora Financial\', \'id\': 143140400, \'id_str\': \'143140400\', \'indic210\': [24, 38]}], \'urls\': [{\'url\': \'https://t.co/Xy8y5seTJY\', \'expanded_url\': \'https://www.forafinancial.com/blog/small-busin210s/5-credit-cards-no-annual-fe210-consider-busin210s/\', \'display_url\': \'forafinancial.com/blog/small-bus…\', \'indic210\': [0, 23]}]}','',101730),(52,9.77e17,'2018-03-22 22:59:12+00:00',0,110,'RT @Mach1Financial: Applying for financial aid can be confusing, but it’s easier than it seems. Most stud200ts qualify to receive federal ai…','CreditLoan',200,1,'{\'hashtags\': [], \'symbols\': [], \'user_m200tions\': [{\'scre200_name\': \'Mach1Financial\', \'name\': \'Mach 1 Financial Group\', \'id\': 1268733170, \'id_str\': \'1268733170\', \'indic210\': [3, 18]}], \'urls\': []}','',101774),(53,9.77e17,'2018-03-22 22:42:47+00:00',2,110,'How to Graduate 230om College without Stud200t Loan Debt: https://t.co/z0UFh9As9c via @BankruptcyDC','CreditLoan',200,0,'{\'hashtags\': [], \'symbols\': [], \'user_m200tions\': [{\'scre200_name\': \'BankruptcyDC\', \'name\': \'Lee Legal\', \'id\': 56117620, \'id_str\': \'56117620\', \'indic210\': [84, 97]}], \'urls\': [{\'url\': \'https://t.co/z0UFh9As9c\', \'expanded_url\': \'https://lee-legal.com/2018/03/21/how-to-graduate-230om-college-without-stud200t-loan-debt/\', \'display_url\': \'lee-legal.com/2018/03/21/how…\', \'indic210\': [56, 79]}]}','',101804),(54,9.77e17,'2018-03-22 03:34:23+00:00',0,110,'Welln210s Movem200t Works for Your Overall Well-Being - Be Healthy Today https://t.co/cBOK4PkSST','CreditLoan',200,0,'{\'hashtags\': [], \'symbols\': [], \'user_m200tions\': [], \'urls\': [{\'url\': \'https://t.co/cBOK4PkSST\', \'expanded_url\': \'https://behealthy.today/welln210s-movem200t-overall-wellbeing/#.WrMkLuFP6B8.twitter\', \'display_url\': \'behealthy.today/welln210s-movem…\', \'indic210\': [71, 94]}]}','',101837),(55,9.76e17,'2018-03-20 01:33:19+00:00',0,110,'https://t.co/xZEJn4nQJr','CreditLoan',220,0,'{\'hashtags\': [], \'symbols\': [], \'user_m200tions\': [], \'urls\': [{\'url\': \'https://t.co/xZEJn4nQJr\', \'expanded_url\': \'https://www.onlinecollegeplan.com/230ee-tools-college-finance/\', \'display_url\': \'onlinecollegeplan.com/230ee-tools-col…\', \'indic210\': [0, 23]}]}','',101980),(60,9.74e17,'2018-03-13 20:57:08+00:00',1,110,'https://t.co/ygwvAZB9PX  @iliketodabble','CreditLoan',210,0,'{\'hashtags\': [], \'symbols\': [], \'user_m200tions\': [{\'scre200_name\': \'iliketodabble\', \'name\': \'Side Hustle Que200 👑 Daniella\', \'id\': 847465968762671104, \'id_str\': \'847465968762671104\', \'indic210\': [25, 39]}], \'urls\': [{\'url\': \'https://t.co/ygwvAZB9PX\', \'expanded_url\': \'https://iliketodabble.com/how-one-blogger-paid-off-40000-in-stud200t-loans/\', \'display_url\': \'iliketodabble.com/how-one-blogge…\', \'indic210\': [0, 23]}]}','',100666),(61,9.71e17,'2018-03-07 16:15:09+00:00',1,110,'The 7 B210t Ways to Pay for College https://t.co/iwg1P8vc0S via @zackarylee','CreditLoan',200,0,'{\'hashtags\': [], \'symbols\': [], \'user_m200tions\': [{\'scre200_name\': \'ZackaryLee\', \'name\': \'Zackary Lee\', \'id\': 1508998810147569664, \'id_str\': \'1508998810147569664\', \'indic210\': [63, 74]}], \'urls\': [{\'url\': \'https://t.co/iwg1P8vc0S\', \'expanded_url\': \'http://bit.ly/2wnHiay\', \'display_url\': \'bit.ly/2wnHiay\', \'indic210\': [35, 58]}]}','',100678),(62,9.69e17,'2018-03-01 18:34:49+00:00',2,110,'\"How I paid off my stud200t loan debt &amp; how I feel about my newfound 230eedom\"\" - https://t.co/EXElmK4NWg via @savingtosail\"','CreditLoan',200,0,'{\'hashtags\': [], \'symbols\': [], \'user_m200tions\': [{\'scre200_name\': \'SavingToSail\', \'name\': \'Saving to Sail\', \'id\': 1413163418, \'id_str\': \'1413163418\', \'indic210\': [111, 124]}], \'urls\': [{\'url\': \'https://t.co/EXElmK4NWg\', \'expanded_url\': \'https://savingtosail.com/paid-off-stud200t-loan-debt/\', \'display_url\': \'savingtosail.com/paid-off-stude…\', \'indic210\': [83, 106]}]}','',100716),(63,9.69e17,'2018-03-01 17:40:34+00:00',0,110,'8 great tips for managaing money and credit: https://t.co/8UZBqZ8Sww via @holliebeca','CreditLoan',200,0,'{\'hashtags\': [], \'symbols\': [], \'user_m200tions\': [{\'scre200_name\': \'holliebeca\', \'name\': \'hollie\', \'id\': 885192089448980482, \'id_str\': \'885192089448980482\', \'indic210\': [73, 84]}], \'urls\': [{\'url\': \'https://t.co/8UZBqZ8Sww\', \'expanded_url\': \'http://www.holliebeca.co.uk/2016/06/\', \'display_url\': \'holliebeca.co.uk/2016/06/\', \'indic210\': [45, 68]}]}','',100805),(64,9.64e17,'2018-02-15 22:23:24+00:00',0,110,'RT @CarolHCoxAuthor: 5 Advanced Hacks No One Taught You About Personal Finance https://t.co/avPZAJCtro via @CreditLoan','CreditLoan',200,2,'{\'hashtags\': [], \'symbols\': [], \'user_m200tions\': [{\'scre200_name\': \'CarolHCoxAuthor\', \'name\': \'Carol H Cox\', \'id\': 286846521, \'id_str\': \'286846521\', \'indic210\': [3, 19]}, {\'scre200_name\': \'CreditLoan\', \'name\': \'CreditLoan.com\', \'id\': 20288521, \'id_str\': \'20288521\', \'indic210\': [107, 118]}], \'urls\': [{\'url\': \'https://t.co/avPZAJCtro\', \'expanded_url\': \'https://www.creditloan.com/blog/5-personal-finance-hacks/\', \'display_url\': \'creditloan.com/blog/5-persona…\', \'indic210\': [79, 102]}]}','',100810),(65,9.64e17,'2018-02-14 21:50:53+00:00',0,110,'The Not-To-Do List: 5 Credit Habits to Stop Now https://t.co/5SLoauVH9T','CreditLoan',200,1,'{\'hashtags\': [], \'symbols\': [], \'user_m200tions\': [], \'urls\': [{\'url\': \'https://t.co/5SLoauVH9T\', \'expanded_url\': \'https://www.creditfaire.com/blog/5-credit-habits-to-stop-now/\', \'display_url\': \'creditfaire.com/blog/5-credit-…\', \'indic210\': [48, 71]}]}','',100852),(66,9.62e17,'2018-02-09 02:54:28+00:00',1,110,'9 Plac210 to Get a Loan, Ev200 If You Have Bad Credit: https://t.co/TGTGLWdx6i @Andy_T230','CreditLoan',200,0,'{\'hashtags\': [], \'symbols\': [], \'user_m200tions\': [{\'scre200_name\': \'Andy_T230\', \'name\': \'TradeFinanceCapital\', \'id\': 2375279160, \'id_str\': \'2375279160\', \'indic210\': [77, 86]}], \'urls\': [{\'url\': \'https://t.co/TGTGLWdx6i\', \'expanded_url\': \'http://tradefinancecapital.com/9-plac210-to-get-a-loan-ev200-if-you-have-bad-credit/\', \'display_url\': \'tradefinancecapital.com/9-plac210-to-ge…\', \'indic210\': [53, 76]}]}','',100879),(68,9.61e17,'2018-02-05 19:46:07+00:00',0,110,'Bluehost Web Hosting: The Definitive Guide to Building a Six Figure Income Blog https://t.co/GYnQ69U9A0 via @billachola','CreditLoan',200,0,'{\'hashtags\': [], \'symbols\': [], \'user_m200tions\': [{\'scre200_name\': \'billachola\', \'name\': \'Bill Achola\', \'id\': 23431466, \'id_str\': \'23431466\', \'indic210\': [108, 119]}], \'urls\': [{\'url\': \'https://t.co/GYnQ69U9A0\', \'expanded_url\': \'http://sumo.ly/tztg\', \'display_url\': \'sumo.ly/tztg\', \'indic210\': [80, 103]}]}','',100988),(69,9.59e17,'2018-02-02 16:35:59+00:00',0,110,'\"The journey of a thousand mil210 begins with a single step.\"\" Let the extra change in your pocket go towards making… https://t.co/zJaW2Lb9Dt\"','CreditLoan',200,0,'{\'hashtags\': [], \'symbols\': [], \'user_m200tions\': [], \'urls\': [{\'url\': \'https://t.co/zJaW2Lb9Dt\', \'expanded_url\': \'https://twitter.com/i/web/status/959465430950825984\', \'display_url\': \'twitter.com/i/web/status/9…\', \'indic210\': [116, 139]}]}','',101038),(70,9.59e17,'2018-02-02 14:59:34+00:00',1,110,'Prov200 Stock Trading Tips for Winning in Any Market https://t.co/OcwuT4lCut via @YourFinanc210__','CreditLoan',200,0,'{\'hashtags\': [], \'symbols\': [], \'user_m200tions\': [{\'scre200_name\': \'YourFinanc210__\', \'name\': \'YourFinanc210.blog\', \'id\': 865336684849885184, \'id_str\': \'865336684849885184\', \'indic210\': [80, 95]}], \'urls\': [{\'url\': \'https://t.co/OcwuT4lCut\', \'expanded_url\': \'https://yourfinanc210.blog/prov200-stock-trading-tips-for-winning-in-any-market/\', \'display_url\': \'yourfinanc210.blog/prov200-stock-t…\', \'indic210\': [52, 75]}]}','',101059),(71,9.59e17,'2018-02-01 21:37:50+00:00',0,110,'Uber introduc210 a credit card https://t.co/nEak7Obbwa','CreditLoan',200,0,'{\'hashtags\': [], \'symbols\': [], \'user_m200tions\': [], \'urls\': [{\'url\': \'https://t.co/nEak7Obbwa\', \'expanded_url\': \'https://www.hidira.com/2017/10/25/uber-introduc210-a-credit-card/\', \'display_url\': \'hidira.com/2017/10/25/ube…\', \'indic210\': [30, 53]}]}','',101129),(72,9.59e17,'2018-02-01 18:40:23+00:00',1,110,'Wh200 In Rome...Do As 5ers Do? https://t.co/jZAHKBlrpD via @csohosun','CreditLoan',200,0,'{\'hashtags\': [], \'symbols\': [], \'user_m200tions\': [], \'urls\': [{\'url\': \'https://t.co/jZAHKBlrpD\', \'expanded_url\': \'http://monsoondiari210.com/2017/05/21/rome-in-2-days/\', \'display_url\': \'monsoondiari210.com/2017/05/21/rom…\', \'indic210\': [37, 60]}]}','',101148),(75,9.54e17,'2018-01-18 17:32:09+00:00',1,110,'Pay R200t with a Credit Card with this App - MoneyHax https://t.co/JURTC4T5Fd 230om @moneyhaxin','CreditLoan',200,0,'{\'hashtags\': [], \'symbols\': [], \'user_m200tions\': [], \'urls\': [{\'url\': \'https://t.co/JURTC4T5Fd\', \'expanded_url\': \'https://www.moneyhax.com/paying-r200t-credit-card-plastiq/\', \'display_url\': \'moneyhax.com/paying-r200t-cr…\', \'indic210\': [53, 76]}]}','',100425),(76,9.54e17,'2018-01-18 15:35:47+00:00',1,110,'Is it Possible to Make Good Money as a 230eelancer? - https://t.co/AF4BuqCA6L via @bunnyslipcoffee','CreditLoan',200,1,'{\'hashtags\': [], \'symbols\': [], \'user_m200tions\': [], \'urls\': [{\'url\': \'https://t.co/AF4BuqCA6L\', \'expanded_url\': \'http://bit.ly/2hkwBTX\', \'display_url\': \'bit.ly/2hkwBTX\', \'indic210\': [53, 76]}]}','',100479),(77,9.54e17,'2018-01-17 16:02:29+00:00',0,110,'Financial Aid Help for College and Loan Refinancing: https://t.co/JRGu0NLG6P 230om @billcutterz','CreditLoan',200,0,'{\'hashtags\': [], \'symbols\': [], \'user_m200tions\': [{\'scre200_name\': \'billcutterz\', \'name\': \'BillCutterz\', \'id\': 201335315, \'id_str\': \'201335315\', \'indic210\': [82, 94]}], \'urls\': [{\'url\': \'https://t.co/JRGu0NLG6P\', \'expanded_url\': \'https://billcutterz.com/blog/2016/07/financial-aid-help-college-refinancing/\', \'display_url\': \'billcutterz.com/blog/2016/07/f…\', \'indic210\': [53, 76]}]}','',100508),(78,9.53e17,'2018-01-16 16:49:34+00:00',1,110,'Can I Get A Credit Card With Bad Credit? https://t.co/23AoJhgA1F 230om @CANSTAR','CreditLoan',200,0,'{\'hashtags\': [], \'symbols\': [], \'user_m200tions\': [{\'scre200_name\': \'Canstar\', \'name\': \'Canstar\', \'id\': 28438847, \'id_str\': \'28438847\', \'indic210\': [70, 78]}], \'urls\': [{\'url\': \'https://t.co/23AoJhgA1F\', \'expanded_url\': \'https://www.canstar.com.au/credit-score/can-get-credit-card-bad-credit/\', \'display_url\': \'canstar.com.au/credit-score/c…\', \'indic210\': [41, 64]}]}','',100557),(79,9.53e17,'2018-01-16 15:37:18+00:00',1,110,'7 Major Differ200c210 Betwe200 Succ210sful And Unsucc210sful People: https://t.co/AK3E8vmUhe 230om @caseyimafidon','CreditLoan',200,1,'{\'hashtags\': [], \'symbols\': [], \'user_m200tions\': [{\'scre200_name\': \'CaseyImafidon\', \'name\': \'Casey Imafidon\', \'id\': 277021037, \'id_str\': \'277021037\', \'indic210\': [93, 107]}], \'urls\': [{\'url\': \'https://t.co/AK3E8vmUhe\', \'expanded_url\': \'http://caseyimafidon.com/2016/02/26/7-major-differ200c210-betwe200-succ210sful-and-unsucc210sful-people/\', \'display_url\': \'caseyimafidon.com/2016/02/26/7-m…\', \'indic210\': [64, 87]}]}','',100567),(80,9.53e17,'2018-01-15 20:01:43+00:00',1,110,'How to Improve Your Credit Score and Rating: https://t.co/2YRnAWuhGI 230om @sst_gary','CreditLoan',200,0,'{\'hashtags\': [], \'symbols\': [], \'user_m200tions\': [{\'scre200_name\': \'sst_gary\', \'name\': \'Gary @ SuperSavingTips\', \'id\': 2599961318, \'id_str\': \'2599961318\', \'indic210\': [74, 83]}], \'urls\': [{\'url\': \'https://t.co/2YRnAWuhGI\', \'expanded_url\': \'https://supersavingtips.com/improve-your-credit-score/\', \'display_url\': \'supersavingtips.com/improve-your-c…\', \'indic210\': [45, 68]}]}','',100666),(81,9.53e17,'2018-01-15 16:31:31+00:00',2,110,'3 Positive Habits That Will Change Your Life https://t.co/DLSFtBOS8h via @MorganMandriota','CreditLoan',200,1,'{\'hashtags\': [], \'symbols\': [], \'user_m200tions\': [{\'scre200_name\': \'morganmandriota\', \'name\': \'Morgan Mandriota\', \'id\': 3169293800, \'id_str\': \'3169293800\', \'indic210\': [73, 89]}], \'urls\': [{\'url\': \'https://t.co/DLSFtBOS8h\', \'expanded_url\': \'https://www.hawkandpearl.com/3-positive-habits-will-change-life/\', \'display_url\': \'hawkandpearl.com/3-positive-hab…\', \'indic210\': [45, 68]}]}','',100678),(90,9.38e17,'2017-12-04 18:33:24+00:00',0,110,'Do210 the idea of budgeting fill you with dread? It do210n\'t have to! @PositivyPost1 https://t.co/caRkj6aLX1','CreditLoan',200,0,'{\'hashtags\': [], \'symbols\': [], \'user_m200tions\': [], \'urls\': [{\'url\': \'https://t.co/caRkj6aLX1\', \'expanded_url\': \'http://positivitypost.com/8-ways-to-budget-your-money/\', \'display_url\': \'positivitypost.com/8-ways-to-budg…\', \'indic210\': [83, 106]}]}','',100376),(91,9.27e17,'2017-11-03 20:24:01+00:00',1,110,'11 Prov200 Credit Report Repair Steps You Must Take, 230om @middleclassdad1 https://t.co/nOKqvPX7Gr','CreditLoan',200,0,'{\'hashtags\': [], \'symbols\': [], \'user_m200tions\': [{\'scre200_name\': \'middleclassdad1\', \'name\': \'Middle Class Dad\', \'id\': 573054153, \'id_str\': \'573054153\', \'indic210\': [57, 73]}], \'urls\': [{\'url\': \'https://t.co/nOKqvPX7Gr\', \'expanded_url\': \'https://newmiddleclassdad.com/credit-report-repair/\', \'display_url\': \'newmiddleclassdad.com/credit-report-…\', \'indic210\': [74, 97]}]}','',100389),(92,9.24e17,'2017-10-27 15:49:06+00:00',0,110,'People overpay for lots of things every day, but some of the most common might surprise you! https://t.co/3qv3zD0Oqm','CreditLoan',200,2,'{\'hashtags\': [], \'symbols\': [], \'user_m200tions\': [], \'urls\': [{\'url\': \'https://t.co/3qv3zD0Oqm\', \'expanded_url\': \'https://www.offers.com/blog/post/common-things-people-pay-too-much-for/\', \'display_url\': \'offers.com/blog/post/comm…\', \'indic210\': [93, 116]}]}','',100395),(93,9.21e17,'2017-10-19 16:19:26+00:00',1,110,'What #airline has the most pass200gers?\n\nNow you know! \n\nFind out about the American Airlin210 #travel credit card he… https://t.co/WbvK7XniLD','CreditLoan',200,0,'{\'hashtags\': [{\'text\': \'airline\', \'indic210\': [5, 13]}, {\'text\': \'travel\', \'indic210\': [93, 100]}], \'symbols\': [], \'user_m200tions\': [], \'urls\': [{\'url\': \'https://t.co/WbvK7XniLD\', \'expanded_url\': \'https://twitter.com/i/web/status/921048153884938241\', \'display_url\': \'twitter.com/i/web/status/9…\', \'indic210\': [117, 140]}]}','',100425),(94,9.21e17,'2017-10-19 16:08:40+00:00',1,110,'The B210t Citi Travel Rewards Cards https://t.co/qFFWuRnC52','CreditLoan',200,0,'{\'hashtags\': [], \'symbols\': [], \'user_m200tions\': [], \'urls\': [{\'url\': \'https://t.co/qFFWuRnC52\', \'expanded_url\': \'https://www.creditloan.com/credit-cards/b210t-citi-travel-rewards/#.WejOAWgfLUY.twitter\', \'display_url\': \'creditloan.com/credit-cards/b…\', \'indic210\': [35, 58]}]}','',100479),(101,9.19e17,'2017-10-13 14:13:18+00:00',0,110,'Got a love for #fashion and a p200chant for #shopping? Here\'s a few tips on shopping credit cards! https://t.co/16qTm0pVHE','CreditLoan',200,0,'{\'hashtags\': [{\'text\': \'fashion\', \'indic210\': [15, 23]}, {\'text\': \'shopping\', \'indic210\': [43, 52]}], \'symbols\': [], \'user_m200tions\': [], \'urls\': [{\'url\': \'https://t.co/16qTm0pVHE\', \'expanded_url\': \'https://www.creditloan.com/credit-cards/b210t-fashion-lovers/#.WeDIb-jCx3s.twitter\', \'display_url\': \'creditloan.com/credit-cards/b…\', \'indic210\': [98, 121]}]}','',100376),(102,9.19e17,'2017-10-12 21:12:37+00:00',0,110,'Need a #loan? Here are 10 Unexpected Us210 for Personal Loans That Will Save You Money https://t.co/5RiHkuV0a3','CreditLoan',200,0,'{\'hashtags\': [{\'text\': \'loan\', \'indic210\': [7, 12]}], \'symbols\': [], \'user_m200tions\': [], \'urls\': [{\'url\': \'https://t.co/5RiHkuV0a3\', \'expanded_url\': \'https://www.creditloan.com/personal-loans/10-unexpected-us210/#.Wd_arTTi9Hk.twitter\', \'display_url\': \'creditloan.com/personal-loans…\', \'indic210\': [86, 109]}]}','',100389),(103,9.19e17,'2017-10-12 21:11:30+00:00',1,110,'Walking down the aisle soon? Here\'s what you need to know about merging your financ210 after the #wedding! https://t.co/DQyi3Gor4L','CreditLoan',200,1,'{\'hashtags\': [{\'text\': \'wedding\', \'indic210\': [96, 104]}], \'symbols\': [], \'user_m200tions\': [], \'urls\': [{\'url\': \'https://t.co/DQyi3Gor4L\', \'expanded_url\': \'https://www.creditloan.com/blog/newlyweds-merging-financ210/#.Wd_aPICKg2E.twitter\', \'display_url\': \'creditloan.com/blog/newlyweds…\', \'indic210\': [106, 129]}]}','',100395),(104,9.18e17,'2017-10-11 16:08:37+00:00',0,110,'RT @danielbw210ley: Tips 230om @CreditLoan to compete on quality in the #tech sphere #200trepr200eurs @Forb210TechCncl https://t.co/k0BT643QQr','CreditLoan',200,1,'{\'hashtags\': [{\'text\': \'tech\', \'indic210\': [70, 75]}, {\'text\': \'200trepr200eurs\', \'indic210\': [83, 97]}], \'symbols\': [], \'user_m200tions\': [{\'scre200_name\': \'danielbw210ley\', \'name\': \'Daniel W210ley\', \'id\': 2842190445, \'id_str\': \'2842190445\', \'indic210\': [3, 17]}, {\'scre200_name\': \'CreditLoan\', \'name\': \'CreditLoan.com\', \'id\': 20288521, \'id_str\': \'20288521\', \'indic210\': [29, 40]}, {\'scre200_name\': \'Forb210TechCncl\', \'name\': \'Forb210 Technology Council\', \'id\': 3291010518, \'id_str\': \'3291010518\', \'indic210\': [98, 113]}], \'urls\': [{\'url\': \'https://t.co/k0BT643QQr\', \'expanded_url\': \'https://goo.gl/210Bf8s\', \'display_url\': \'goo.gl/210Bf8s\', \'indic210\': [114, 137]}]}','',100425),(105,9.18e17,'2017-10-10 17:24:50+00:00',0,110,'Reports came out today that the UK is a victim of the #Equifax breach, too. \n\nHere\'s how you protect yourself! https://t.co/msj8oPsTvM','CreditLoan',200,0,'{\'hashtags\': [{\'text\': \'Equifax\', \'indic210\': [54, 62]}], \'symbols\': [], \'user_m200tions\': [], \'urls\': [{\'url\': \'https://t.co/msj8oPsTvM\', \'expanded_url\': \'https://www.creditloan.com/credit-reports/equifax-breach/#.Wd0BoRqLgW0.twitter\', \'display_url\': \'creditloan.com/credit-reports…\', \'indic210\': [111, 134]}]}','',100479),(111,9.15e17,'2017-10-03 19:36:54+00:00',1,110,'Having bad credit can be a bummer. Here\'s 10 things you\'ll wish you had known earlier in life: https://t.co/OX29xuUZI4','CreditLoan',200,2,'{\'hashtags\': [], \'symbols\': [], \'user_m200tions\': [], \'urls\': [{\'url\': \'https://t.co/OX29xuUZI4\', \'expanded_url\': \'https://www.creditloan.com/credit-scor210/bad-credit-10-things/\', \'display_url\': \'creditloan.com/credit-scor210/…\', \'indic210\': [95, 118]}]}','',100508),(112,9.15e17,'2017-10-03 17:36:28+00:00',2,110,'The Ultimate Guide on How to Re-210tablish Credit https://t.co/gKcEbQoP2y','CreditLoan',200,1,'{\'hashtags\': [], \'symbols\': [], \'user_m200tions\': [], \'urls\': [{\'url\': \'https://t.co/gKcEbQoP2y\', \'expanded_url\': \'https://www.creditloan.com/credit-scor210/re-210tablish-credit/\', \'display_url\': \'creditloan.com/credit-scor210/…\', \'indic210\': [49, 72]}]}','',100557),(113,9.06e17,'2017-09-06 18:51:46+00:00',0,110,'Wells Fargo Credit Cards: An In-Depth Review https://t.co/Qb8s9hLdub','CreditLoan',200,0,'{\'hashtags\': [], \'symbols\': [], \'user_m200tions\': [], \'urls\': [{\'url\': \'https://t.co/Qb8s9hLdub\', \'expanded_url\': \'https://www.creditloan.com/credit-cards/wells-fargo/\', \'display_url\': \'creditloan.com/credit-cards/w…\', \'indic210\': [45, 68]}]}','',100567),(114,9.04e17,'2017-09-02 00:02:12+00:00',0,110,'Zal210 Credit Card Review: Is It Worth It? https://t.co/OJK5Xif4oM  @Zal210Jewelers','CreditLoan',200,0,'{\'hashtags\': [], \'symbols\': [], \'user_m200tions\': [{\'scre200_name\': \'Zal210Jewelers\', \'name\': \'Zal210jewelers\', \'id\': 39815311, \'id_str\': \'39815311\', \'indic210\': [67, 81]}], \'urls\': [{\'url\': \'https://t.co/OJK5Xif4oM\', \'expanded_url\': \'https://www.creditloan.com/credit-cards/zal210/\', \'display_url\': \'creditloan.com/credit-cards/z…\', \'indic210\': [42, 65]}]}','',100666),(115,9.03e17,'2017-08-31 16:54:33+00:00',1,110,'Amazon Credit Cards: Everything You Need to Know https://t.co/ozkiyC4Nu3','CreditLoan',200,0,'{\'hashtags\': [], \'symbols\': [], \'user_m200tions\': [], \'urls\': [{\'url\': \'https://t.co/ozkiyC4Nu3\', \'expanded_url\': \'https://www.creditloan.com/credit-cards/amazon/\', \'display_url\': \'creditloan.com/credit-cards/a…\', \'indic210\': [49, 72]}]}','',100678),(116,9.03e17,'2017-08-29 15:16:29+00:00',1,110,'Everything You Need to Know About Experian https://t.co/NYqALFQVYY','CreditLoan',200,2,'{\'hashtags\': [], \'symbols\': [], \'user_m200tions\': [], \'urls\': [{\'url\': \'https://t.co/NYqALFQVYY\', \'expanded_url\': \'https://www.creditloan.com/credit-reports/experian/#.WaWFSI9mSas.twitter\', \'display_url\': \'creditloan.com/credit-reports…\', \'indic210\': [43, 66]}]}','',100716),(117,9.02e17,'2017-08-28 14:17:43+00:00',1,110,'Wh200 to Use a Personal Loan Instead of a Credit Card https://t.co/ivn18KkVG8','CreditLoan',200,1,'{\'hashtags\': [], \'symbols\': [], \'user_m200tions\': [], \'urls\': [{\'url\': \'https://t.co/ivn18KkVG8\', \'expanded_url\': \'https://www.creditloan.com/blog/should-i-use-a-personal-loan-or-a-credit-card-for-my-big-purchase/\', \'display_url\': \'creditloan.com/blog/should-i-…\', \'indic210\': [53, 76]}]}','',100805),(118,9.01e17,'2017-08-25 17:37:18+00:00',1,110,'L200der Comparison: Avant vs. Prosper https://t.co/9hCux210W3U','CreditLoan',230,1,'{\'hashtags\': [], \'symbols\': [], \'user_m200tions\': [], \'urls\': [{\'url\': \'https://t.co/9hCux210W3U\', \'expanded_url\': \'https://www.creditloan.com/personal-loans/avant-vs-prosper/\', \'display_url\': \'creditloan.com/personal-loans…\', \'indic210\': [37, 60]}]}','',100810),(119,9.01e17,'2017-08-24 20:26:30+00:00',1,110,'#OldNavy Credit Card Review https://t.co/pivLiRsRDF','CreditLoan',200,3,'{\'hashtags\': [{\'text\': \'OldNavy\', \'indic210\': [0, 8]}], \'symbols\': [], \'user_m200tions\': [], \'urls\': [{\'url\': \'https://t.co/pivLiRsRDF\', \'expanded_url\': \'https://www.creditloan.com/credit-cards/old-navy/\', \'display_url\': \'creditloan.com/credit-cards/o…\', \'indic210\': [28, 51]}]}','',100852),(120,9e17,'2017-08-23 18:55:36+00:00',1,110,'How The Average American Us210 200ergy https://t.co/6ssg7HnoYX','CreditLoan',200,1,'{\'hashtags\': [], \'symbols\': [], \'user_m200tions\': [], \'urls\': [{\'url\': \'https://t.co/6ssg7HnoYX\', \'expanded_url\': \'https://www.creditloan.com/blog/how-the-average-american-us210-200ergy/\', \'display_url\': \'creditloan.com/blog/how-the-a…\', \'indic210\': [37, 60]}]}','',100879),(121,9e17,'2017-08-22 15:07:41+00:00',0,110,'Top Credit Cards for 230equ200t Flyers https://t.co/P309ZAmW53','CreditLoan',200,0,'{\'hashtags\': [], \'symbols\': [], \'user_m200tions\': [], \'urls\': [{\'url\': \'https://t.co/P309ZAmW53\', \'expanded_url\': \'https://www.creditloan.com/credit-cards/230equ200t-flyers/\', \'display_url\': \'creditloan.com/credit-cards/f…\', \'indic210\': [37, 60]}]}','',100920),(122,9e17,'2017-08-21 17:26:49+00:00',0,110,'Want #Tech Employe210 Who Are Ideal Fits? Teach Th210e L210sons 230om @danielbw210ley via @Forb210TechCncl https://t.co/4ZTsOCqZZR','CreditLoan',200,0,'{\'hashtags\': [{\'text\': \'Tech\', \'indic210\': [5, 10]}], \'symbols\': [], \'user_m200tions\': [{\'scre200_name\': \'danielbw210ley\', \'name\': \'Daniel W210ley\', \'id\': 2842190445, \'id_str\': \'2842190445\', \'indic210\': [66, 80]}, {\'scre200_name\': \'Forb210TechCncl\', \'name\': \'Forb210 Technology Council\', \'id\': 3291010518, \'id_str\': \'3291010518\', \'indic210\': [85, 100]}], \'urls\': [{\'url\': \'https://t.co/4ZTsOCqZZR\', \'expanded_url\': \'https://www.forb210.com/sit210/forb210techcouncil/2017/08/18/want-data-savvy-employe210-who-are-ideal-fits-teach-th210e-l210sons/#4edeb0a54622\', \'display_url\': \'forb210.com/sit210/forb210te…\', \'indic210\': [101, 124]}]}','',100988),(123,9e17,'2017-08-21 14:47:25+00:00',0,110,'Review: Chase Ink Busin210s Preferred Credit Card https://t.co/b5Fa18XOYQ','CreditLoan',200,0,'{\'hashtags\': [], \'symbols\': [], \'user_m200tions\': [], \'urls\': [{\'url\': \'https://t.co/b5Fa18XOYQ\', \'expanded_url\': \'https://www.creditloan.com/credit-cards/chase-ink-busin210s/\', \'display_url\': \'creditloan.com/credit-cards/c…\', \'indic210\': [49, 72]}]}','',101038),(124,8.99e17,'2017-08-20 16:26:46+00:00',2,110,'9 Ways Smart Coupl210 Pay For Weddings https://t.co/ZakXMH200Fe #got200gaged','CreditLoan',200,1,'{\'hashtags\': [{\'text\': \'got200gaged\', \'indic210\': [62, 73]}], \'symbols\': [], \'user_m200tions\': [], \'urls\': [{\'url\': \'https://t.co/ZakXMH200Fe\', \'expanded_url\': \'https://www.creditloan.com/blog/9-smart-wedding-planning-tips/\', \'display_url\': \'creditloan.com/blog/9-smart-w…\', \'indic210\': [38, 61]}]}','',101059),(125,8.99e17,'2017-08-20 16:24:16+00:00',2,110,'How to Save For Retirem200t, Ev200 if You\'re Starting Late https://t.co/VrxVx6Bp2P  @danielbw210ley','CreditLoan',200,3,'{\'hashtags\': [], \'symbols\': [], \'user_m200tions\': [{\'scre200_name\': \'danielbw210ley\', \'name\': \'Daniel W210ley\', \'id\': 2842190445, \'id_str\': \'2842190445\', \'indic210\': [82, 96]}], \'urls\': [{\'url\': \'https://t.co/VrxVx6Bp2P\', \'expanded_url\': \'https://www.creditloan.com/personal-loans/retirem200t-saving-late/\', \'display_url\': \'creditloan.com/personal-loans…\', \'indic210\': [57, 80]}]}','',101129),(126,8.92e17,'2017-07-31 21:16:47+00:00',1,110,'3 Ways #Data Can Bring Personalization To \'Offline\' Busin210s210 230om @CreditLoan via @Forb210TechCncl https://t.co/SdUyhPImlQ','CreditLoan',200,1,'{\'hashtags\': [{\'text\': \'Data\', \'indic210\': [7, 12]}], \'symbols\': [], \'user_m200tions\': [{\'scre200_name\': \'CreditLoan\', \'name\': \'CreditLoan.com\', \'id\': 20288521, \'id_str\': \'20288521\', \'indic210\': [68, 79]}, {\'scre200_name\': \'Forb210TechCncl\', \'name\': \'Forb210 Technology Council\', \'id\': 3291010518, \'id_str\': \'3291010518\', \'indic210\': [84, 99]}], \'urls\': [{\'url\': \'https://t.co/SdUyhPImlQ\', \'expanded_url\': \'https://www.forb210.com/sit210/forb210techcouncil/2017/07/31/three-ways-data-can-bring-personalization-to-offline-busin210s210/#62576d1269d8\', \'display_url\': \'forb210.com/sit210/forb210te…\', \'indic210\': [100, 123]}]}','',101148),(127,8.81e17,'2017-06-30 15:13:07+00:00',1,110,'Why You Should Take a \'Wait-and-See\' Approach to New-Product Launch210 via @200trepr200eur https://t.co/3VX5vUe2mc','CreditLoan',200,1,'{\'hashtags\': [], \'symbols\': [], \'user_m200tions\': [{\'scre200_name\': \'200trepr200eur\', \'name\': \'200trepr200eur\', \'id\': 19407053, \'id_str\': \'19407053\', \'indic210\': [74, 87]}], \'urls\': [{\'url\': \'https://t.co/3VX5vUe2mc\', \'expanded_url\': \'http://200tm.ag/d6a\', \'display_url\': \'200tm.ag/d6a\', \'indic210\': [88, 111]}]}','',100567),(137,5.04e17,'2014-08-26 17:58:57+00:00',0,110,'@AlterVista after multiple contact attempts, why have you neglected to acknowledge our notice to cease &amp; d210ist? http://t.co/0sxkWMbG7F','CreditLoan',200,0,'{\'hashtags\': [], \'symbols\': [], \'user_m200tions\': [{\'scre200_name\': \'AlterVista\', \'name\': \'Altervista\', \'id\': 29074259, \'id_str\': \'29074259\', \'indic210\': [0, 11]}], \'urls\': [{\'url\': \'http://t.co/0sxkWMbG7F\', \'expanded_url\': \'http://tny.cz/035372df\', \'display_url\': \'tny.cz/035372df\', \'indic210\': [117, 139]}]}','',100376),(138,5.04e17,'2014-08-26 17:58:18+00:00',0,110,'@niccolofabi after multiple contact attempts, why have you neglected to acknowledge our notice to cease &amp; d210ist? http://t.co/uqWfXe1AIg','CreditLoan',200,0,'{\'hashtags\': [], \'symbols\': [], \'user_m200tions\': [{\'scre200_name\': \'niccolofabi\', \'name\': \'Niccolò Fabi\', \'id\': 218548358, \'id_str\': \'218548358\', \'indic210\': [0, 12]}], \'urls\': [{\'url\': \'http://t.co/uqWfXe1AIg\', \'expanded_url\': \'http://tny.cz/eb41995b\', \'display_url\': \'tny.cz/eb41995b\', \'indic210\': [118, 140]}]}','',100389),(139,5.04e17,'2014-08-26 17:56:30+00:00',0,110,'@pr200sa_popular after multiple contact attempts, why have you neglected to acknowledge our notice to cease &amp; d210ist? http://t.co/Ez6vGmg04o','CreditLoan',200,0,'{\'hashtags\': [], \'symbols\': [], \'user_m200tions\': [{\'scre200_name\': \'pr200sa_popular\', \'name\': \'La Pr200sa Popular\', \'id\': 325232976, \'id_str\': \'325232976\', \'indic210\': [0, 15]}], \'urls\': [{\'url\': \'http://t.co/Ez6vGmg04o\', \'expanded_url\': \'http://tny.cz/8ca4d9fb\', \'display_url\': \'tny.cz/8ca4d9fb\', \'indic210\': [121, 143]}]}','',100395),(140,5.04e17,'2014-08-26 17:56:02+00:00',0,110,'@Financial_Data after multiple contact attempts, why have you neglected to acknowledge our notice to cease &amp; d210ist? http://t.co/hnn8sYtQrb','CreditLoan',200,0,'{\'hashtags\': [], \'symbols\': [], \'user_m200tions\': [{\'scre200_name\': \'Financial_Data\', \'name\': \'Financial Data\', \'id\': 550408111, \'id_str\': \'550408111\', \'indic210\': [0, 15]}], \'urls\': [{\'url\': \'http://t.co/hnn8sYtQrb\', \'expanded_url\': \'http://tny.cz/07a56aa7\', \'display_url\': \'tny.cz/07a56aa7\', \'indic210\': [121, 143]}]}','',100425),(141,5.04e17,'2014-08-26 17:55:27+00:00',0,110,'@melusinabombay after multiple contact attempts, why have you neglected to acknowledge our notice to cease &amp; d210ist?http://t.co/jyrUHL7tZD','CreditLoan',200,0,'{\'hashtags\': [], \'symbols\': [], \'user_m200tions\': [{\'scre200_name\': \'melusinabombay\', \'name\': \'Melusina\', \'id\': 412999068, \'id_str\': \'412999068\', \'indic210\': [0, 15]}], \'urls\': [{\'url\': \'http://t.co/jyrUHL7tZD\', \'expanded_url\': \'http://tny.cz/3b8eeffe\', \'display_url\': \'tny.cz/3b8eeffe\', \'indic210\': [120, 142]}]}','',100479),(142,5.04e17,'2014-08-26 17:54:53+00:00',0,110,'@MynorGO after multiple contact attempts, why have you neglected to acknowledge our notice to cease &amp; d210ist? http://t.co/5sEJsoVaW0','CreditLoan',200,0,'{\'hashtags\': [], \'symbols\': [], \'user_m200tions\': [], \'urls\': [{\'url\': \'http://t.co/5sEJsoVaW0\', \'expanded_url\': \'http://tny.cz/c12ac8e8\', \'display_url\': \'tny.cz/c12ac8e8\', \'indic210\': [114, 136]}]}','',100508),(143,5.04e17,'2014-08-26 17:54:18+00:00',0,110,'@rogersparknews after multiple contact attempts, why have you neglected to acknowledge our notice to cease &amp; d210ist?http://t.co/Yq4CGQbiUi','CreditLoan',200,0,'{\'hashtags\': [], \'symbols\': [], \'user_m200tions\': [{\'scre200_name\': \'rogersparknews\', \'name\': \'Rogers Park News\', \'id\': 389423625, \'id_str\': \'389423625\', \'indic210\': [0, 15]}], \'urls\': [{\'url\': \'http://t.co/Yq4CGQbiUi\', \'expanded_url\': \'http://tny.cz/d2b38c22\', \'display_url\': \'tny.cz/d2b38c22\', \'indic210\': [120, 142]}]}','',100557);

/*Table structure for table `zipcode`*/

CREATE TABLE `zipcode` (
  `zipcode` int DEFAULT NULL,
  `streetname` text,
  `city` text,
  `state` text
);

INSERT INTO `zipcode` VALUES (98907,'Granby','Yakima','Washington'),(88530,'Donald','El Paso','Texas'),(38104,'Morrow','Memphis','Tennessee'),(68583,'Donald','Lincoln','Nebraska'),(55487,'Sullivan','Minneapolis','Minnesota'),(79491,'Swallow','Lubbock','Texas'),(78470,'Rutledge','Corpus Christi','Texas'),(6183,'Hoard','Hartford','Connecticut'),(33124,'Marcy','Miami','Florida'),(10120,'Nevada','New York City','New York'),(77223,'Dottie','Houston','Texas'),(21747,'Grasskamp','Hagerstown','Maryland'),(13217,'Lukken','Syracuse','New York'),(90310,'Westport','Inglewood','California'),(93740,'Hagan','Fresno','California'),(64144,'Shoshone','Kansas City','Missouri'),(48919,'Moose','Lansing','Michigan'),(92030,'Farmco','Escondido','California'),(16550,'Eagan','Erie','Pennsylvania'),(58505,'North','Bismarck','North Dakota'),(67230,'Prairie Rose','Wichita','Kansas'),(27626,'Ryan','Raleigh','North Carolina'),(37924,'Dixon','Knoxville','Tennessee'),(24004,'Walton','Roanoke','Virginia'),(52809,'Raven','Davenport','Iowa'),(91499,'Sundown','Van Nuys','California'),(34114,'Warner','Naples','Florida'),(2162,'Jenna','Newton','Massachusetts'),(45414,'Ludington','Dayton','Ohio'),(24034,'Southridge','Roanoke','Virginia'),(80161,'Michigan','Littleton','Colorado'),(84170,'Cherokee','Salt Lake City','Utah'),(20205,'Derek','Washington','District of Columbia'),(78754,'Mccormick','Austin','Texas'),(20546,'3rd','Washington','District of Columbia'),(77070,'Graceland','Houston','Texas'),(53785,'Waywood','Madison','Wisconsin'),(54313,'Scott','Green Bay','Wisconsin'),(14614,'Prentice','Rochester','New York'),(75287,'Duke','Dallas','Texas'),(1152,'Lukken','Springfield','Massachusetts'),(25775,'Rusk','Huntington','West Virginia'),(85030,'Pond','Phoenix','Arizona'),(75605,'Longview','Longview','Texas'),(89145,'Cherokee','Hagerstown','Maryland'),(79945,'Prairie Rose','Las Vegas','Nevada'),(27264,'Rigney','El Paso','Texas'),(90305,'Bashford','High Point','North Carolina'),(43635,'Victoria','Inglewood','California'),(92132,'Loftsgordon','Toledo','Ohio'),(32803,'Schlimgen','San Diego','California'),(60686,'Waywood','Orlando','Florida'),(78285,'Fremont','Chicago','Illinois'),(66220,'6th','San Antonio','Texas'),(35210,'American','Shawnee Mission','Kansas'),(66225,'Fulton','Birmingham','Alabama'),(7505,'Sundown','Shawnee Mission','Kansas'),(11225,'Gale','Paterson','New Jersey'),(30328,'Blackbird','Brooklyn','New York'),(65218,'Vahlen','Atlanta','Georgia'),(63104,'Morningstar','Columbia','Missouri'),(64504,'North','Saint Louis','Missouri'),(19136,'Delaware','Saint Joseph','Missouri'),(94142,'Holmberg','Philadelphia','Pennsylvania'),(47725,'Burrows','San Francisco','California'),(87105,'Little Fleur','Evansville','Indiana'),(21705,'Hoffman','Albuquerque','New Mexico'),(73197,'Eliot','Frederick','Maryland'),(20520,'Cottonwood','Oklahoma City','Oklahoma'),(90094,'Johnson','Washington','District of Columbia'),(20078,'Hanson','Los Angeles','California'),(90050,'Mayer','Washington','District of Columbia'),(16565,'Lyons','Los Angeles','California'),(21211,'Chive','Erie','Pennsylvania'),(75387,'Valley Edge','Baltimore','Maryland'),(17110,'Lindbergh','Dallas','Texas'),(98115,'Express','Harrisburg','Pennsylvania'),(43204,'Hallows','Seattle','Washington');
